photo,output,target
5235096,24.20466,27.9
5184163,26.392454,25.7
5196155,21.509398,26.3
5190837,33.886955,23.7
5183428,20.082937,34.0
5178257,19.723846,25.0
5216178,25.621107,32.3
5219869,25.56344,29.3
5182439,26.115908,40.5
5181911,21.939512,32.7
5219683,22.61918,26.6
5223494,28.926842,38.7
5179853,22.541807,27.2
5205537,26.408377,25.0
5225512,32.847275,54.4
5190676,25.16354,37.5
5192481,31.051172,47.6
5239909,22.615671,25.6
5235211,28.369497,25.5
5182578,23.213322,28.8
5180122,20.989927,38.5
5218446,18.211657,24.8
5195449,29.553282,34.5
5195403,28.194656,27.2
5182770,23.49761,36.1
5232390,26.073992,22.3
5213892,22.191145,29.6
5192381,21.871283,26.3
5202713,24.907465,30.4
5188937,17.746084,27.8
5216731,22.744038,31.4
5199839,21.515337,22.9
5184574,23.505749,30.7
5211383,22.751036,34.7
5215449,21.27764,31.3
5192883,26.567572,52.7
5202060,20.821043,30.4
5180033,22.579508,33.4
5194521,23.214739,29.7
5185388,24.754915,29.9
5192709,17.136328,31.5
5202526,22.1392,28.2
5182929,17.744024,33.7
5191753,33.309162,44.4
5178922,20.93656,27.0
5193939,34.907948,39.0
5208759,19.548174,44.2
5204603,23.724058,29.4
5178229,24.132235,35.0
5235563,21.736181,28.2
5182021,17.805656,22.9
5234096,23.555086,29.3
5201233,28.937826,39.2
5236337,24.899248,23.2
5205908,23.03153,30.6
5190635,23.488794,29.5
5215227,32.456757,26.9
5185956,17.896189,24.1
5185059,25.914602,31.4
5187298,23.260214,40.9
5235064,16.882807,32.9
5182417,20.601957,35.0
5247081,27.743973,24.5
5181940,26.068354,32.3
5218465,20.27403,32.3
5180223,35.990486,30.6
5203518,17.56523,24.5
5219785,23.923193,34.0
5186323,29.172518,35.9
5220731,28.799633,29.6
5178887,21.116482,51.7
5194013,19.594425,27.1
5201613,32.19481,36.5
5196275,19.695162,36.7
5180314,24.359198,34.1
5226102,26.08811,23.9
5201445,24.168436,31.9
5219374,27.094355,38.9
5202584,24.322248,31.7
5211720,21.745216,31.0
5193371,34.597076,38.3
5180863,22.38534,29.9
5207826,26.52803,29.2
5227314,17.35509,37.1
5185530,23.33828,28.1
5192213,17.719965,38.2
5208266,29.640223,34.6
5246141,21.836344,40.3
5189142,20.113667,27.1
5189991,22.325256,28.4
5204175,19.223793,29.4
5216526,29.113081,34.6
5198217,24.686369,32.4
5185899,21.370413,27.9
5191014,21.842981,32.0
5221662,20.865458,27.8
5209283,29.286211,49.2
5195478,23.93177,37.4
5188467,26.83663,31.1
5235184,31.694769,21.8
5196888,23.408035,24.4
5218851,30.122412,33.6
5216320,24.49074,43.4
5247149,17.120623,28.5
5219329,29.921732,28.4
5196551,27.733782,34.3
5209392,14.18624,27.3
5179458,19.824673,41.9
5186883,21.433565,22.5
5235960,21.996267,39.6
5205439,24.082033,45.8
5190318,20.505762,30.7
5202405,21.306917,23.3
5187201,17.965956,27.0
5185358,17.575792,26.5
5228318,26.416346,27.6
5206604,26.396584,30.5
5178252,19.9485,31.6
5208366,17.78322,36.6
5182927,30.801184,32.9
5198418,23.239191,38.4
5194881,21.8627,29.6
5215640,27.18521,31.2
5221149,19.123735,24.7
5183252,34.46561,47.9
5217223,22.343279,32.1
5177953,16.72759,29.8
5190558,32.20405,25.6
5236253,20.089947,23.3
5232063,23.11061,24.9
5184399,31.012035,39.1
5213377,30.965435,34.5
5211986,27.147333,36.5
5202042,24.09054,35.9
5220066,20.2656,38.4
5243475,21.477308,28.7
5206430,20.590757,39.1
5177976,25.933908,36.3
5234458,19.488691,29.8
5236134,35.484074,29.9
5183276,24.477316,34.1
5207659,23.30755,26.2
5192606,29.57218,42.8
5245653,30.673872,25.3
5177362,23.04499,35.1
5207016,24.889364,35.4
5208666,36.35156,48.8
5181838,22.429667,31.5
5198684,25.044165,39.4
5232954,19.090174,24.8
5196044,30.51455,39.2
5203307,25.377432,28.3
5209104,22.966984,29.2
5199857,20.572926,30.4
5223560,20.880075,23.7
5187583,21.39543,32.2
5181823,20.725676,30.5
5222840,30.705208,39.9
5214238,25.38669,39.8
5184823,23.788202,28.3
5186365,26.384985,31.9
5191062,24.72973,33.7
5214334,25.292307,36.0
5247097,22.303007,33.1
5208058,24.997982,30.8
5201101,24.69107,38.1
5209592,19.451097,24.0
5206895,18.70753,34.2
5206442,20.423471,35.1
5192939,28.067463,23.1
5223276,26.941736,28.6
5206598,24.880434,28.1
5181012,21.713171,35.4
5217604,19.348497,34.8
5181135,19.539602,32.8
5179771,27.37519,45.7
5194906,27.72724,38.0
5205730,16.604137,24.8
5192765,17.602394,30.8
5204342,23.55988,26.0
5185810,21.644526,21.2
5205193,24.38176,28.9
5234438,25.430347,30.0
5183720,28.58454,42.0
5180071,20.550154,33.0
5192269,18.99341,25.2
5192880,27.594301,37.5
5181807,17.201147,28.0
5186047,27.692091,36.4
5215084,19.85505,28.4
5210261,23.325895,43.1
5205245,27.198914,27.3
5187084,19.319235,36.6
5200802,20.301302,31.2
5209427,21.19046,33.2
5216611,32.26939,37.7
5192471,14.927212,31.6
5212069,30.894054,29.4
5193494,18.895773,28.2
5186452,19.197182,28.3
5221327,32.019337,29.1
5186249,20.002527,30.3
5209045,16.153383,27.9
5201216,19.568611,34.8
5186758,22.388903,44.1
5201184,27.10689,24.3
5243219,25.697418,30.5
5234965,29.291895,36.9
5198381,16.96601,21.9
5207136,23.426973,32.9
5183487,24.194534,30.7
5179611,22.299677,31.5
5189046,22.08193,37.9
5195738,25.895638,34.8
5180267,25.793077,25.1
5190246,15.565886,28.9
5199975,29.43928,47.1
5178117,28.455853,41.9
5201932,16.461203,24.8
5210186,31.475035,38.9
5186090,19.758001,21.4
5197090,22.33402,33.0
5235759,32.171974,42.2
5186820,23.568476,26.7
5200723,18.868914,36.8
5183158,19.243635,21.7
5202265,25.118307,27.9
5232861,32.98744,40.5
5184722,29.47553,44.4
5237488,22.783358,30.0
5197131,22.875044,36.5
5190353,23.761658,22.7
5196266,19.39944,29.2
5214671,28.706974,44.1
5195046,19.369936,23.3
5182762,21.062876,26.0
5220884,20.514307,30.0
5195860,28.148119,36.2
5179000,24.804558,30.9
5179441,27.60417,33.8
5209302,23.33335,26.0
5208174,22.001623,35.4
5214751,23.908815,26.5
5200333,21.680784,20.1
5214891,23.61514,29.0
5234011,32.698082,30.7
5205239,33.79999,58.9
5208377,21.906294,27.0
5195817,24.073362,33.0
5177437,31.14415,31.9
5184795,24.465302,37.0
5234652,28.025063,35.2
5188557,23.43574,29.1
5186849,33.974834,40.4
5183352,22.698301,30.1
5177654,21.022385,36.8
5187849,26.691725,41.6
5246072,24.077692,28.6
5209244,19.76585,26.4
5193430,21.52305,28.8
5185748,23.584646,31.2
5233861,16.990011,27.6
5222214,18.639093,25.2
5196463,28.204432,45.0
5184950,28.226036,27.3
5189845,16.603146,28.9
5241723,25.394365,24.3
5186920,29.15425,33.3
5187262,20.12462,27.6
5213936,21.01042,36.1
5245503,20.300459,30.3
5207183,24.67983,32.2
5216531,20.748981,37.3
5186132,26.090376,39.4
5207663,29.050331,31.0
5187494,18.912836,28.0
5222151,15.751796,25.9
5182907,25.082228,31.3
5239233,24.809618,32.5
5192553,21.061127,33.0
5194743,17.997313,26.6
5216981,22.694653,29.5
5187170,20.443344,25.8
5206585,23.322535,30.1
5227145,23.003227,26.1
5245933,24.999712,25.3
5182485,25.010502,15.5
5205375,28.555584,40.7
5187047,25.845783,35.6
5206879,19.708628,30.8
5197398,21.672138,29.5
5205036,32.791824,33.5
5236077,28.659334,42.0
5227222,24.56219,21.6
5208274,29.494226,25.9
5190112,27.64478,47.7
5178037,26.383757,35.3
5184293,24.004694,36.1
5246171,17.900375,28.6
5183409,32.56708,66.4
5209880,20.304493,38.1
5191095,29.789692,49.5
5204178,17.596724,26.2
5177653,24.40019,32.5
5196882,25.594612,34.3
5187721,22.2482,33.8
5206243,25.805529,26.8
5218744,22.728233,39.0
5194088,23.02767,28.8
5193360,24.224253,24.5
5216108,23.652815,28.4
5194039,20.697477,25.8
5202081,20.381891,28.4
5177999,22.77247,30.0
5197818,23.659403,37.8
5228403,24.43146,29.3
5231994,19.222143,30.2
5187577,18.932451,31.3
5221261,21.585094,23.6
5192487,24.129564,32.6
5204240,20.434052,22.8
5183251,22.024384,40.5
5201251,34.841347,45.1
5186209,17.603455,25.8
5204637,18.536543,27.5
5200242,22.689539,23.1
5196666,30.463825,50.1
5181999,27.146688,51.4
5208233,24.866333,33.9
5246051,19.438334,28.7
5201836,18.519312,28.0
5220979,21.081587,27.9
5228465,31.406157,33.5
5185293,14.733738,28.3
5226211,22.361074,31.1
5199057,23.675657,28.4
5204521,27.289408,48.4
5181414,29.34749,28.7
5177698,23.998333,30.4
5208433,30.131926,38.4
5220568,20.179085,32.8
5179750,16.569551,31.8
5182500,20.38856,33.2
5200152,20.509192,23.9
5201042,23.18059,33.8
5189224,33.53206,38.9
5221043,22.221464,31.2
5183139,26.970133,40.3
5188349,19.314886,33.0
5192875,28.157072,35.7
5204225,26.934263,29.9
5208870,24.633196,26.9
5237271,27.436525,22.4
5188755,24.13025,29.9
5184961,25.567196,32.6
5234204,36.138817,32.9
5223874,20.08425,25.3
5222978,31.378006,37.6
5196289,19.323523,39.9
5190207,26.699877,23.4
5235416,17.775936,19.8
5186286,23.74019,39.5
5185303,24.894346,53.5
5216449,20.491552,24.1
5196315,33.23717,32.2
5218922,25.28785,22.2
5221518,23.075445,26.6
5197905,24.525217,24.7
5186176,17.094278,26.6
5192990,30.366869,30.6
5235425,26.889841,28.4
5177873,32.85157,40.7
5198103,15.696653,22.4
5178978,18.880024,30.1
5206365,17.26497,26.3
5208318,18.319822,25.7
5179530,20.87209,34.6
5233844,17.990688,28.5
5214298,21.033949,40.7
5180115,24.219103,45.1
5214646,19.458513,33.5
5205694,24.112402,20.8
5206040,24.777601,28.7
5177328,24.396868,48.5
5193080,17.15733,33.8
5189110,26.315882,29.9
5186260,28.22929,24.9
5195150,29.844358,44.8
5227285,20.772266,31.6
5203389,22.992592,34.1
5246479,25.700697,28.1
5198011,26.059668,31.6
5226627,24.156956,32.5
5222866,27.86136,34.3
5188525,20.882917,29.3
5204453,22.37711,31.6
5199294,21.189426,33.9
5208060,22.879557,29.3
5200507,22.1438,36.6
5194943,21.816536,21.5
5199659,21.40264,33.8
5204975,21.835215,30.2
5218340,15.576442,24.6
5219676,27.717588,25.9
5216583,27.948977,37.8
5220513,18.449137,29.1
5202166,24.235365,34.2
5246342,26.44426,34.9
5204796,27.771456,39.4
5190431,22.508377,28.4
5185565,26.65609,37.0
5215523,27.300875,25.9
5182913,19.652369,24.9
5206660,27.451979,34.3
5190669,21.49795,33.8
5221700,21.301302,29.2
5199127,23.345224,26.8
5204670,23.614878,30.3
5180234,24.196714,40.7
5191789,19.521431,30.3
5203199,17.750593,26.0
5246870,22.216753,27.9
5208520,22.057222,32.5
5196469,24.23371,39.4
5188445,20.504156,26.4
5179903,20.059559,29.5
5238251,21.814528,23.5
5246642,30.672497,36.4
5214480,28.44224,33.6
5181570,23.312124,33.2
5183567,14.251413,25.0
5219154,20.175938,22.3
5212528,21.613798,38.2
5208346,22.242594,27.6
5181883,21.68839,38.3
5184756,18.069487,27.8
5178700,20.49517,30.5
5223038,25.159716,43.3
5184831,30.869947,39.8
5219041,12.601733,20.0
5189304,30.706459,37.5
5210202,24.721914,36.9
5213345,32.78895,33.6
5189677,23.011793,29.2
5213846,27.54273,29.3
5207794,22.082731,33.5
5197262,31.355946,34.2
5183378,27.169844,30.9
5178738,23.891638,37.4
5187609,24.546347,30.9
5187083,26.859968,25.2
5180530,26.96176,71.1
5209242,31.504751,29.5
5208951,24.215437,34.3
5200181,23.185598,28.6
5198399,27.977926,38.3
5221759,16.414576,28.3
5187417,22.520191,25.9
5194314,23.653074,39.8
5206297,24.293402,28.5
5220633,22.229826,31.9
5198755,18.05569,27.2
5180405,18.175982,33.3
5178597,22.87878,26.7
5215542,28.611616,29.7
5186409,22.95549,26.8
5228103,19.89808,21.6
5208109,17.56949,26.6
5190733,21.70437,29.4
5206528,25.106155,24.2
5218988,35.97124,34.5
5197943,19.38027,27.0
5218909,17.086735,27.3
5183793,21.8304,36.6
5204422,23.902172,38.8
5214273,16.028328,27.3
5178273,18.895731,27.2
5200789,19.244246,36.7
5229432,19.149849,32.7
5229265,21.267187,26.3
5215823,25.018293,28.1
5194836,30.92924,24.8
5235736,21.576014,33.4
5216902,24.630823,27.3
5183801,24.84886,41.3
5206638,24.050804,30.2
5191835,17.591806,29.6
5220521,29.1135,26.6
5198630,35.797756,32.5
5181722,18.319132,29.2
5219534,20.542353,25.0
5216260,22.441349,30.3
5183003,22.660063,37.9
5179958,18.133364,34.1
5190418,22.854746,33.4
5177692,22.876753,47.6
5242456,33.853416,34.8
5233566,17.757166,29.2
5198557,19.394968,27.6
5216592,31.753262,38.4
5205803,29.6301,28.9
5223173,34.0413,24.3
5208949,25.274761,25.3
5201432,20.570612,34.7
5195537,23.695902,37.4
5208029,32.439663,39.8
5178959,17.61252,36.7
5191379,20.380276,24.0
5178465,20.84487,34.7
5218953,28.441893,36.1
5212505,20.437456,51.7
5179176,28.949244,25.6
5234630,24.836811,25.3
5181965,30.295406,38.3
5214818,25.109255,30.8
5206705,23.785002,26.6
5189633,18.104605,27.2
5193768,22.120111,29.6
5234912,26.338705,25.7
5219214,22.761984,30.0
5196181,21.3301,31.5
5193091,15.489284,24.0
5190889,21.220224,39.8
5200593,31.230602,27.9
5193376,21.10441,30.1
5185449,22.729649,41.6
5221892,27.805769,25.5
5218404,25.514395,31.8
5184949,20.144726,23.8
5189711,25.048384,35.9
5218653,26.498842,30.0
5234517,27.092882,31.1
5191302,25.593575,31.9
5187881,18.150103,24.9
5212707,19.471418,28.5
5181964,24.435286,28.5
5205570,24.26494,36.3
5188832,19.243944,31.0
5186491,29.149748,27.4
5181966,24.325586,27.3
5196055,27.884022,27.0
5204597,24.010592,25.3
5208045,20.5575,27.4
5201015,18.067528,23.1
5214518,22.378683,30.1
5210589,25.652306,33.0
5233633,21.380949,26.0
5181551,21.538105,31.4
5219913,19.142056,25.3
5192375,25.079998,24.3
5188136,24.019566,45.4
5206715,22.00718,26.3
5190584,23.229528,30.9
5196702,18.332338,31.1
5202364,20.377054,28.3
5204491,30.061104,41.1
5199688,20.049124,28.5
5196949,23.763025,55.8
5227189,18.319454,29.9
5217840,34.93054,49.8
5207164,22.799208,39.9
5233535,16.937798,25.8
5184054,20.818499,35.8
5179621,26.446514,50.9
5237571,26.723936,29.8
5180023,21.598475,31.9
5178245,24.697622,43.4
5218032,19.728382,27.8
5187623,24.283506,38.6
5200567,16.560896,28.7
5191939,18.71776,29.3
5211646,29.033482,38.8
5194794,24.043407,33.4
5230035,19.175224,31.0
5193345,29.611414,43.2
5196910,25.386127,32.7
5200376,19.018763,26.0
5209633,25.092794,36.3
5179300,22.323755,27.1
5200791,31.750208,56.9
5202224,19.27074,26.4
5179721,20.127234,24.5
5193011,20.644371,26.3
5179584,27.577652,35.9
5204572,25.212336,32.3
5214824,32.42203,44.7
5202902,24.118464,30.4
5185922,21.537113,28.5
5200407,19.597668,24.9
5213874,18.830034,28.9
5194874,20.788319,28.3
5198388,18.700274,30.5
5243225,23.508678,23.9
5194345,30.260073,35.0
5198260,28.017267,34.4
5186299,23.181164,25.1
5202594,23.033102,36.3
5185016,20.46093,28.6
5214167,24.213102,35.2
5183293,19.037052,39.9
5216408,23.231047,29.1
5235885,29.789978,30.2
5212350,27.379747,36.2
5205241,24.277493,35.7
5226100,20.235338,26.0
5245087,23.652594,27.3
5182557,21.858313,26.3
5214501,19.849125,21.5
5199967,23.855131,24.3
5194017,18.288141,30.7
5195920,19.890669,26.8
5202671,22.29849,24.9
5189464,25.228222,31.9
5213225,21.333345,36.2
5221266,27.907207,24.6
5187000,18.564054,25.3
5177590,17.426739,31.4
5227991,25.108545,33.0
5192233,29.090828,38.1
5206565,22.583899,29.8
5187350,23.293339,55.1
5235313,24.836527,27.6
5234375,23.23807,27.7
5181398,20.357038,36.7
5221497,23.623093,22.6
5193791,27.226858,28.1
5190388,20.231508,22.8
5198342,22.022125,29.6
5215951,26.044481,36.4
5211809,22.455757,31.0
5214447,29.776398,26.6
5185136,34.12162,41.9
5236338,24.002165,23.6
5202920,15.826812,29.7
5214148,18.08041,34.4
5245623,23.420532,35.8
5192081,23.296232,32.7
5218304,37.237522,39.3
5180996,19.256603,29.3
5184966,26.19982,35.6
5189938,23.573462,36.6
5182868,17.783903,28.9
5210600,19.401527,27.8
5189875,31.186567,45.1
5198156,31.284054,29.3
5235910,22.900114,36.2
5180858,25.152422,32.3
5188706,22.162573,28.4
5194326,16.174616,23.7
5206140,29.222864,40.7
5194030,25.783264,31.2
5189218,21.196745,28.0
5196028,24.50855,27.9
5213894,23.328392,28.1
5189276,24.727835,43.2
5221912,28.442783,33.0
5195065,24.697323,28.4
5211753,22.066114,27.5
5248753,20.351078,27.6
5190774,25.11415,22.1
5213822,23.74577,26.3
5207655,18.473398,31.1
5213991,15.013676,28.2
5184432,25.993214,30.9
5182145,23.051985,38.7
5214410,28.77661,28.7
5196647,22.227491,28.8
5187239,17.260687,36.5
5177741,25.244516,34.4
5207538,29.345625,24.2
5183154,18.79318,29.9
5184241,27.097595,29.8
5216603,20.466375,35.6
5197129,25.461563,27.5
5180520,18.93401,22.5
5248859,28.088966,41.0
5203393,19.035236,23.9
5208152,21.033949,29.7
5190896,29.969288,24.9
5220839,24.1167,43.0
5193612,20.857412,30.3
5212381,20.483118,26.1
5187542,26.169113,41.7
5208478,19.280886,28.5
5204972,22.780788,37.1
5236208,27.111774,27.6
5218077,21.884836,28.6
5188337,32.307755,37.4
5207802,19.987867,30.6
5215352,21.353067,34.4
5185138,22.56333,24.5
5184051,21.001566,25.0
5179810,20.140036,31.8
5201034,22.670076,57.2
5204828,23.434301,28.3
5207219,20.972042,25.1
5215857,23.530123,40.4
5178537,24.084736,36.5
5184518,22.83896,33.4
5177337,20.511637,32.0
5192611,27.644424,47.8
5206181,26.665773,24.0
5215161,24.485405,29.0
5220644,25.938574,26.5
5217297,24.058666,32.7
5178662,23.991547,30.2
5182570,23.81013,32.4
5209852,25.517347,42.9
5217147,23.50075,25.4
5187185,26.248213,28.7
5184826,21.46995,31.5
5201704,23.60148,27.4
5220353,26.752678,29.7
5229917,17.964144,29.5
5203873,30.27464,40.7
5194821,24.931734,23.2
5206698,15.597944,30.4
5245447,33.527573,25.2
5179205,32.390785,39.4
5199249,28.380428,40.7
5182996,24.36788,26.2
5208220,19.04005,26.5
5238339,19.958845,41.3
5180828,21.696001,31.5
5188101,25.723495,34.1
5180174,24.161623,39.1
5228043,18.654264,27.5
5180654,31.726728,58.5
5234724,25.470486,33.0
5216457,35.07487,22.9
5205546,23.831732,40.1
5239858,26.696466,29.6
5207980,24.972635,29.0
5203773,21.01275,25.3
5222417,27.383423,33.1
5198248,23.40909,33.5
5206682,26.403616,40.3
5210764,23.931643,29.0
5186144,24.17302,27.7
5216598,32.505947,37.2
5188973,23.207159,30.3
5195691,16.778904,23.4
5188242,29.617376,31.8
5190355,24.823809,29.6
5198991,24.42113,25.6
5186003,24.584417,27.2
5193394,17.666164,22.7
5178818,17.788366,27.7
5218279,22.966787,28.4
5185917,29.833323,26.2
5184192,22.46636,26.3
5206316,20.348293,37.7
5207332,25.38122,30.6
5203048,23.61696,28.0
5182307,26.932823,39.8
5183992,30.197336,48.0
5178331,29.15511,25.4
5204577,18.065453,37.2
5185719,27.456024,44.0
5213745,20.940275,29.6
5223380,29.870768,50.7
5206028,35.41547,37.1
5206761,30.414896,39.8
5200420,18.665146,23.5
5199768,19.707857,27.4
5193992,26.898157,27.4
5192316,23.367998,46.3
5214023,27.081593,27.1
5201660,17.023298,31.4
5204375,21.645708,29.1
5204345,22.595533,27.4
5177298,17.614485,24.0
5188429,18.395103,30.8
5214069,26.8738,30.2
5213725,22.430805,24.5
5214424,16.247602,26.3
5220788,26.14912,32.7
5179091,29.38526,35.3
5248956,29.315594,29.7
5189158,28.851595,37.7
5181995,22.895756,31.7
5221314,20.03984,32.0
5209885,30.183382,33.7
5205288,19.81686,31.6
5183710,29.950125,31.1
5215315,21.211996,34.7
5218507,24.960249,28.4
5185407,24.18825,34.3
5188538,16.878555,26.1
5187242,14.826826,29.2
5187551,32.192574,46.1
5195666,19.306849,29.2
5198735,23.26404,35.6
5183978,20.955385,40.0
5201635,24.441809,27.0
5204039,27.755098,41.9
5189531,21.220102,34.5
5245822,19.253252,28.2
5189107,26.752165,32.5
5204446,22.421152,30.4
5194302,27.841116,27.4
5218604,17.229115,25.1
5199202,19.45268,31.7
5220039,20.74099,32.0
5201783,20.86254,25.5
5208306,21.015799,40.4
5196931,26.449457,41.0
5180309,24.263922,33.6
5192445,17.577988,36.0
5182406,25.408794,36.0
5222035,22.919313,25.1
5214478,17.944365,31.4
5214004,20.287989,26.8
5195373,26.096815,28.8
5192904,25.215548,26.9
5215250,20.692762,22.3
5192174,31.879763,50.6
5177883,34.967564,42.5
5235801,16.459085,22.3
5222653,22.032078,30.3
5236227,25.43711,35.6
5203889,20.661276,31.1
5227181,31.520683,28.5
5205726,15.095789,22.5
5215539,21.609282,27.1
5207885,23.330599,42.0
5185296,19.83465,32.6
5200233,32.96748,42.0
5198336,25.250822,29.8
5179177,33.67896,36.1
5229189,26.515736,30.5
5201095,28.969671,22.1
5199675,24.569427,37.0
5180486,22.818975,40.1
5186642,30.244543,36.9
5201442,16.640799,25.0
5183202,24.023287,25.7
5201940,23.665926,26.8
5221012,17.26567,26.4
5235511,21.995813,24.9
5246711,24.925756,30.7
5209436,21.522326,34.4
5219373,25.059858,30.9
5177236,23.202524,32.2
5177661,21.454224,28.7
5190618,22.446064,27.7
5192977,22.861517,36.7
5181743,18.486958,34.4
5223125,17.646254,42.7
5207306,22.864407,28.0
5182864,25.114578,40.0
5227030,19.635372,24.2
5196292,30.735727,43.3
5191178,22.694674,35.9
5186471,23.409048,32.6
5221902,21.723974,34.2
5218442,23.893288,45.1
5200113,21.8127,25.8
5182117,26.031548,26.5
5196807,21.756111,30.9
5192175,27.646168,41.6
5208622,25.161634,32.6
5214640,22.498005,21.0
5215265,28.060152,29.4
5179036,28.44359,35.1
5189658,30.970037,45.9
5215977,25.99875,36.4
5182465,21.228178,36.0
5188682,26.300428,26.2
5203929,27.684885,38.4
5221258,24.290936,27.5
5213949,19.853752,23.3
5222322,22.44325,38.9
5197021,21.94815,29.0
5211786,31.828497,31.3
5233048,18.222103,21.4
5209086,18.985971,34.2
5190392,19.388683,25.8
5184508,20.806273,29.7
5202505,13.576863,24.4
5208047,25.009134,36.2
5207814,30.559406,32.1
5204693,27.968449,32.1
5183594,22.905657,30.3
5227031,23.419184,20.3
5244348,22.83563,32.9
5191673,28.615011,53.4
5245108,21.345165,30.7
5203685,21.833508,24.4
5186871,22.574526,25.6
5182228,20.355604,31.7
5191431,27.55897,51.4
5197285,34.508595,30.2
5212128,22.90572,29.0
5189207,28.16843,41.2
5197505,23.043629,37.4
5216715,20.749397,37.3
5214374,20.505842,22.2
5194212,32.04187,43.1
5182309,29.217382,41.5
5217528,19.73429,27.8
5179208,31.849043,30.3
5182952,17.896486,39.4
5218703,19.131311,22.3
5190430,21.298811,44.2
5201039,20.48194,23.2
5224184,26.587496,30.7
5202982,23.538809,36.8
5245116,33.441128,38.0
5183589,29.254293,44.6
5178310,23.697168,28.8
5192654,30.354391,53.4
5198108,18.828566,25.3
5208529,36.917683,47.6
5202144,23.024408,26.6
5207643,24.835413,28.7
5178492,19.280632,24.6
5209749,20.291529,26.0
5244902,30.529655,22.8
5215039,21.827147,24.7
5219585,22.832579,32.6
5199911,23.080553,41.6
5193250,22.719217,35.9
5220942,30.748968,43.4
5226564,22.38697,23.6
5243995,22.959383,28.5
5234005,16.120047,30.8
5188766,20.195433,33.1
5219401,29.055956,30.8
5189327,27.93085,31.2
5214237,26.976246,32.8
5184615,25.611559,36.4
5247199,28.054785,42.3
5234791,24.240747,24.4
5196730,29.329262,27.5
5201769,21.505861,33.2
5204601,17.390776,26.9
5209623,22.254272,30.0
5200642,26.4075,26.8
5202437,19.772522,35.6
5209286,22.090475,28.8
5219442,22.594212,31.7
5207119,15.875491,29.1
5190314,16.061256,29.3
5212035,20.292532,23.7
5227464,18.608412,29.8
5216839,18.182684,25.0
5208735,18.283497,31.7
5181579,24.286764,38.9
5216911,23.624395,40.5
5188250,26.173433,36.7
5207292,20.906797,31.3
5183973,18.387762,37.6
5215061,23.789612,29.4
5186084,20.446817,21.7
5188291,23.318455,30.0
5183951,16.508003,34.7
5196217,20.79875,26.1
5205560,32.244705,31.9
5209166,20.40499,28.4
5217435,23.634626,37.6
5187264,20.700567,25.7
5181987,26.033754,54.5
5234276,24.899662,52.2
5183468,24.828367,35.4
5230600,22.910366,28.3
5246580,20.274252,23.6
5193271,19.430796,25.2
5192706,20.029497,26.2
5201286,22.030996,25.4
5193664,22.798698,28.1
5195875,21.94727,30.6
5180955,31.046675,29.3
5203146,19.878027,37.7
5218429,27.113585,36.3
5201682,15.019016,41.1
5195102,26.939981,57.6
5246942,22.865404,27.1
5188191,26.452332,51.9
5182244,24.25596,38.5
5192704,17.987204,27.8
5201726,22.243275,23.2
5198540,26.128698,32.6
5185695,27.022236,26.5
5216059,28.341902,30.1
5180635,28.054075,35.5
5207423,22.457184,45.5
5205244,26.60993,28.1
5208766,23.98518,30.6
5192492,17.088753,29.2
5211347,16.213463,30.6
5232936,24.863855,24.9
5214201,18.739481,24.1
5234739,24.072893,34.2
5225056,21.874804,34.9
5196532,31.719183,31.3
5192739,24.00112,56.1
5197195,22.500898,31.9
5198753,29.015078,33.0
5198146,25.853193,39.1
5184016,17.609621,28.4
5180645,19.20317,32.9
5244969,22.880224,30.4
5193953,14.709447,23.2
5182232,33.58173,36.1
5181481,22.793001,29.0
5235507,22.421446,34.2
5179558,33.748997,41.2
5221651,24.84103,29.8
5205751,25.94919,24.5
5189680,27.49519,24.9
5236231,27.981096,24.4
5232825,23.836618,30.6
5201469,24.587603,27.0
5189768,25.376055,29.8
5193002,17.04748,26.7
5196511,19.977537,30.3
5201231,16.68874,25.3
5196797,29.784075,24.6
5207919,17.825361,27.3
5208983,20.86427,39.5
5198411,23.620161,27.8
5190633,29.543768,49.3
5197265,25.823555,38.1
5246458,18.592102,37.1
5202888,29.999748,34.4
5189889,21.567284,35.6
5206448,28.938543,29.6
5185833,20.691618,26.3
5209176,25.004902,25.2
5222342,27.58244,37.3
5208016,17.486198,23.9
5197747,31.884209,38.3
5192960,18.044617,23.7
5226557,19.792324,27.9
5193516,28.398064,24.8
5195909,26.089373,40.2
5192013,19.88829,36.4
5179095,26.934677,36.0
5192789,18.820478,30.6
5186094,27.509865,33.3
5194878,23.708902,32.0
5199197,27.101927,32.6
5186237,18.60184,25.7
5190621,20.892508,29.0
5222852,20.242321,35.5
5214377,23.181995,25.1
5210482,21.043646,34.3
5184673,24.264057,39.9
5184070,21.780207,29.9
5184835,24.379927,43.2
5207482,18.49724,26.9
5216684,21.372524,35.6
5182365,21.752565,33.7
5209196,26.778688,31.6
5177442,19.2708,29.1
5190557,30.515524,31.5
5208077,21.982712,44.3
5203968,13.696081,28.0
5179138,20.028412,32.0
5199235,22.355814,36.3
5184648,21.304981,23.0
5181173,21.783754,40.7
5212642,21.422585,30.2
5179939,24.421741,27.5
5178805,28.404978,51.4
5206259,22.558054,32.4
5193126,20.368452,24.8
5187729,25.151697,43.8
5192754,22.299173,27.2
5191124,16.437109,25.9
5206681,21.6893,31.1
5235401,12.147207,23.0
5227480,20.3004,27.4
5222143,18.775223,27.9
5217005,23.550133,32.3
5180603,20.098827,25.5
5190219,26.503061,24.1
5184578,27.056538,41.8
5229913,20.17664,20.3
5196047,21.57419,38.0
5246016,27.226748,33.5
5229114,27.862568,19.5
5211559,18.324617,25.8
5194731,24.12437,38.8
5187192,16.593115,27.7
5203501,23.728796,29.7
5229312,18.748787,25.4
5185990,20.543795,25.8
5230490,25.43619,22.5
5207387,19.377491,32.1
5178806,20.770403,25.2
5190904,19.780725,23.4
5196224,26.709257,38.7
5189031,24.150805,35.9
5191869,21.675423,33.4
5216642,26.408976,42.9
5216425,21.96055,29.0
5246766,27.815344,39.1
5218238,27.844662,54.9
5199673,19.224924,28.1
5187940,26.395185,37.3
5193914,21.253977,40.8
5236164,22.306448,26.3
5234384,25.16163,34.0
5193452,31.881763,35.7
5216249,30.637995,32.5
5187085,27.047613,31.0
5245743,28.708212,22.7
5184705,28.890715,42.0
5208075,27.999088,36.4
5183300,19.365717,38.8
5198246,26.5457,28.0
5191602,19.54704,34.3
5205412,22.763918,27.5
5187497,25.047396,40.8
5245830,19.297958,31.1
5220614,21.387724,23.4
5181357,26.32619,23.0
5226997,32.0135,26.7
5189962,25.356974,35.3
5222839,27.02376,33.7
5197805,20.578959,28.0
5188014,32.289158,38.7
5222332,24.271059,33.0
5179350,18.912277,30.4
5182075,25.254473,46.8
5214599,19.937403,24.3
5210817,21.573402,37.2
5177714,24.859713,34.1
5177939,20.67964,27.5
5190149,21.107588,28.3
5225298,23.171904,28.0
5178174,30.20138,33.6
5191725,17.431204,24.7
5207149,24.626064,26.5
5196030,29.56722,39.8
5214871,22.351612,33.4
5218603,30.559656,25.7
5234288,27.497906,34.5
5216397,26.585844,32.9
5219568,23.930267,29.7
5204305,23.225103,28.4
5178743,23.249382,33.9
5200566,25.971052,27.5
5197305,17.343822,21.6
5200818,21.745358,24.5
5215239,25.850348,43.9
5213861,20.995462,29.4
5189364,22.693441,23.4
5194011,31.151144,26.7
5226857,28.927523,21.6
5185576,25.53657,37.4
5219276,19.272425,31.7
5181942,23.23156,27.2
5188926,32.299282,37.8
5246561,28.22999,34.4
5199233,28.958532,29.6
5179100,22.462358,36.2
5246203,22.34192,28.5
5204851,32.562584,32.3
5180606,23.593718,37.2
5210568,21.6937,54.8
5178266,22.61298,49.6
5201792,25.548826,34.2
5189176,16.014874,33.3
5208948,26.323782,48.4
5209832,20.164904,29.5
5246755,21.843184,37.3
5193325,22.75001,32.6
5202936,31.605536,52.7
5198405,24.992552,36.8
5179498,32.84181,45.2
5203568,17.017881,24.8
5236055,29.292334,30.8
5243484,28.947142,24.7
5210498,22.30721,32.4
5217388,23.523474,30.6
5187498,21.232786,34.1
5179701,19.615458,30.2
5190654,18.01285,22.4
5218363,30.61442,32.8
5209651,25.012613,23.3
5218730,20.397362,29.0
5186818,32.21099,42.6
5205118,27.79444,30.7
5208772,25.20957,24.1
5199520,22.290125,27.8
5184638,25.840418,24.8
5221471,25.000473,24.8
5178912,21.876934,27.2
5180151,17.912783,29.3
5248937,25.960188,35.5
5197165,23.39585,36.2
5199211,16.841263,24.2
5193984,27.821924,27.7
5199635,19.593206,33.4
5226545,20.044188,40.8
5192260,22.828695,32.2
5216890,30.084955,35.2
5243445,31.966799,29.3
5214142,20.703075,25.9
5234191,25.482992,23.0
5188279,26.442724,28.0
5206471,31.101707,36.2
5205330,21.109869,34.6
5235438,18.406548,39.4
5192428,29.751486,42.7
5216210,21.460201,28.9
5205355,23.708757,29.6
5214827,25.397139,31.0
5207827,27.152514,39.3
5226611,28.543507,24.4
5208778,22.380291,24.9
5185630,23.508085,25.5
5207153,21.507658,29.9
5185553,24.42729,41.1
5205684,25.527647,28.5
5221341,24.169277,30.0
5219562,28.375257,28.3
5188945,18.564804,36.1
5241559,20.980583,27.1
5179348,32.823906,45.5
5213860,20.895529,36.3
5207460,20.923775,28.4
5217517,19.52118,28.7
5180973,22.305582,31.5
5184328,21.926737,32.1
5180538,24.838402,41.6
5204833,20.461592,32.2
5184267,20.009762,35.0
5199209,33.204464,20.6
5182408,23.096388,30.6
5197138,27.72093,36.9
5206302,31.054852,31.6
5217586,25.3319,34.7
5189764,15.782503,25.8
5208372,21.557451,26.3
5209056,22.02886,31.1
5182912,23.421722,30.0
5180692,30.943172,50.0
5198786,19.240622,46.6
5182230,23.139433,27.4
5202562,14.299355,32.2
5185786,25.823347,36.9
5194027,22.914946,38.2
5178120,19.89082,38.0
5217268,23.660383,38.0
5194965,28.378513,34.7
5197973,22.320738,36.1
5234091,25.688976,28.4
5182710,24.891039,39.8
5239394,18.994558,29.5
5205369,26.709496,30.0
5219748,27.183271,30.7
5178352,22.777159,29.3
5234178,21.00942,28.7
5187278,21.792482,31.0
5182478,15.295974,25.7
5214772,24.33223,37.0
5216436,23.538465,28.6
5232899,22.804049,21.2
5220836,23.507128,27.5
5178459,23.24124,33.5
5203089,16.829212,36.6
5186529,31.66775,32.6
5179541,20.671377,36.9
5191548,23.438873,35.5
5198719,17.653898,29.1
5202646,21.41754,27.5
5178669,28.33396,40.9
5194381,21.71291,31.3
5215955,22.213224,29.6
5221437,27.20469,26.7
5246070,20.328314,26.4
5219338,35.24212,40.4
5215131,21.944824,28.5
5207226,16.917913,23.4
5206498,27.862604,28.7
5194468,27.92693,41.0
5202991,26.001652,24.5
5223208,21.357533,29.4
5210370,25.17811,37.9
5183061,29.990425,34.1
5185286,22.95608,31.9
5193258,37.766468,53.0
5208544,29.37871,38.1
5188501,20.796247,29.2
5186191,24.220865,35.3
5186184,27.707739,31.2
5181860,20.498898,40.5
5192523,21.507555,32.6
5187320,26.872993,39.7
5197556,30.016336,38.5
5187679,19.086737,29.1
5208065,24.673985,37.5
5195120,21.225863,33.0
5211098,22.96884,31.5
5235214,39.94556,31.7
5188488,21.155264,34.1
5206462,20.342054,36.4
5185169,23.26639,40.6
5245188,24.808004,34.1
5180423,19.959433,33.7
5179968,29.900717,40.5
5205452,35.043808,47.0
5184431,22.446983,26.2
5177841,24.316683,35.9
5183442,21.55509,29.6
5199755,19.1245,26.7
5213952,34.01886,23.5
5193185,28.335266,43.7
5205720,16.503828,35.3
5209245,23.18405,35.0
5192062,22.533035,27.4
5193934,27.355719,34.5
5202573,19.759867,26.3
5216332,23.283562,27.3
5187941,19.881983,25.4
5214213,27.70711,58.1
5182583,22.573927,28.1
5201795,21.650293,40.2
5203299,26.031,34.1
5182662,19.980604,31.0
5190120,19.678448,38.9
5232966,19.440554,25.3
5214288,30.048208,31.0
5199901,20.616798,33.1
5220889,20.565279,28.1
5214411,33.747536,44.8
5218923,19.897793,30.5
5190884,21.499228,27.9
5205711,17.993214,27.1
5207889,20.917664,31.3
5206558,25.741796,28.1
5207019,18.535852,41.9
5179930,21.107878,36.7
5180378,23.224703,30.8
5214430,23.97067,32.9
5186147,28.117014,32.6
5218861,27.883596,25.5
5177777,27.662352,46.3
5178983,29.13429,29.2
5178702,21.133945,45.4
5204250,19.271748,21.2
5206263,22.351952,34.6
5199888,29.272442,24.3
5183869,24.353498,28.0
5213811,24.49364,38.4
5229287,27.407278,35.5
5186484,29.347227,40.5
5186016,19.232656,26.6
5204820,20.56635,29.5
5197482,21.963835,25.7
5196994,18.18476,24.1
5206700,22.479836,28.1
5226827,26.11611,27.2
5234680,18.205181,30.7
5217343,25.131128,35.6
5201872,29.351059,47.0
5221313,18.139656,31.2
5178689,29.611578,35.7
5223077,22.781973,26.3
5236288,36.992855,30.0
5204243,26.191912,26.9
5234006,21.356735,24.2
5193700,20.116974,38.4
5222465,23.538889,39.0
5181643,20.338951,26.3
5189600,24.560783,26.8
5180621,16.578596,31.3
5204143,20.011637,26.0
5201851,17.357063,29.9
5234872,18.619484,29.4
5213645,27.833296,39.1
5206932,16.587206,31.5
5242996,26.372393,42.9
5199123,20.469912,22.6
5214022,18.1434,23.6
5219772,25.944395,35.8
5217839,30.165321,26.8
5215996,17.983881,30.7
5214417,18.964796,21.1
5216416,17.325033,33.5
5197664,26.870264,28.1
5230668,20.290087,29.9
5246869,26.200176,34.8
5203798,22.704142,29.6
5180638,17.394754,27.0
5181229,25.16094,40.6
5199566,29.257706,27.7
5214733,31.477528,25.9
5189150,31.751402,37.0
5216474,20.67906,30.7
5205864,20.931057,22.0
5246877,20.085587,23.9
5219905,21.618982,42.7
5198864,29.049364,38.0
5183704,21.776972,28.9
5221048,16.17716,39.8
5186429,30.129019,30.2
5177249,27.639269,21.7
5214472,28.820896,38.1
5213747,18.819387,27.4
5214295,29.705133,43.8
5177877,20.976583,30.4
5204939,17.742086,29.2
5183549,23.639603,59.2
5201492,16.163404,21.8
5204761,21.89832,30.7
5178353,26.289286,36.4
5190707,22.160574,32.6
5186779,23.61425,26.1
5209717,20.477858,25.4
5211360,22.855516,33.9
5208857,17.609957,27.2
5218341,20.181036,22.4
5235726,27.596504,29.8
5206124,23.894346,27.3
5230685,27.511248,42.3
5200771,20.64626,27.5
5208525,26.30478,22.4
5218432,21.226578,29.8
5221251,18.155264,25.7
5197037,18.02103,33.3
5192468,19.788336,38.6
5226273,21.529829,39.7
5243042,23.51293,25.8
5221275,22.782137,33.8
5177417,20.241495,40.0
5180499,21.043287,36.6
5204725,15.997181,26.7
5207057,17.012064,29.1
5212594,17.339329,27.4
5208761,23.972815,34.2
5215956,25.370647,34.0
5212364,23.307884,35.9
5226667,23.453783,34.3
5208352,28.581457,46.8
5183471,28.040516,32.0
5193191,22.4227,26.6
5197069,22.704285,22.5
5195266,20.17762,31.7
5211852,29.50461,41.7
5190975,21.951763,33.1
5184549,25.151964,34.7
5188657,31.48763,30.4
5213482,23.080885,31.3
5179126,24.356775,32.7
5191145,24.297728,22.2
5198215,20.71518,32.8
5222180,25.628729,29.8
5196433,18.873167,22.9
5220902,18.95747,27.5
5178769,25.203632,40.1
5194945,25.714563,25.6
5185702,23.400564,37.9
5208697,20.396294,38.4
5183840,27.751997,28.3
5218551,20.559343,31.6
5221901,20.562983,27.1
5203070,21.699833,29.6
5202935,24.93768,28.5
5184140,21.383429,30.4
5238734,16.802584,25.0
5199818,16.705652,31.8
5201653,22.355814,30.0
5190677,24.033077,30.3
5246249,23.63583,33.1
5182608,27.409952,43.6
5191518,19.047249,30.5
5194028,20.506845,36.2
5192858,30.15743,38.1
5191152,22.387514,38.9
5208869,27.756079,37.2
5178557,23.946962,45.9
5225280,15.510681,29.0
5203488,23.504673,29.6
5246657,21.411444,30.1
5184733,22.492641,31.8
5189458,20.358389,32.9
5181010,15.535145,29.2
5235818,26.292137,28.7
5214918,26.393976,31.3
5189929,22.678133,25.5
5217748,23.813534,31.2
5218122,32.791084,49.3
5190117,24.173271,28.0
5204990,21.755499,30.9
5215348,26.332436,33.9
5213273,25.785383,29.1
5191580,21.87234,26.9
5222635,34.42249,52.4
5181941,18.408995,25.5
5214150,15.226476,27.8
5187211,27.506758,35.6
5202098,22.450705,32.4
5178039,27.077974,32.5
5234941,21.852026,34.0
5207535,24.0132,29.8
5213083,27.447622,33.0
5185923,29.998327,33.9
5202848,27.959906,43.3
5179504,21.559568,32.9
5213399,18.104708,27.4
5195194,22.798761,24.0
5199875,21.170902,26.3
5187806,28.076035,40.3
5186296,26.68581,38.2
5207536,16.539042,31.6
5194750,19.424162,23.4
5212209,21.794456,28.5
5195246,18.000355,28.8
5209507,20.824697,25.8
5198759,15.328944,20.1
5208558,23.348083,31.6
5207040,23.094166,35.5
5198508,18.262724,28.1
5216979,27.86603,48.9
5248926,25.878756,33.0
5177919,21.232954,30.0
5213966,21.085936,27.2
5227075,21.948988,23.2
5218052,26.368534,29.9
5200952,16.34884,56.6
5185220,18.142605,30.9
5189283,19.124731,36.0
5193365,22.635693,26.6
5177600,18.9369,26.9
5202681,21.044724,25.5
5216865,22.929472,36.2
5177745,26.233095,37.3
5181658,25.802744,32.2
5214224,24.056726,34.0
5177912,21.855001,42.8
5203866,17.314568,36.7
5233173,33.45847,46.1
5214427,31.18799,66.4
5195486,20.761456,24.1
5205979,15.777425,40.0
5180581,29.877998,34.1
5237596,33.83662,33.4
5195849,26.39454,30.8
5195963,18.65723,35.5
5233824,22.030485,32.8
5204495,26.123144,31.5
5192713,31.086958,45.3
5188476,21.942844,36.0
5190819,24.224123,25.0
5193346,25.473127,39.1
5206388,23.254755,28.3
5206013,20.462263,32.0
5210783,24.114302,39.0
5207435,17.317066,36.9
5180369,22.756289,33.9
5203397,17.897396,31.7
5239890,13.143348,23.2
5213654,27.213215,38.2
5183018,22.466854,33.1
5228287,24.403591,29.2
5180777,34.765728,40.4
5203233,19.969376,27.2
5178094,20.78016,28.1
5180442,25.770575,30.0
5222057,27.400505,34.2
5181306,18.853327,26.7
5233073,15.68952,26.3
5179346,22.201773,29.9
5191667,22.491358,21.4
5198884,26.355364,43.1
5209506,19.246975,37.5
5195094,33.6814,36.2
5178653,23.819708,27.0
5221527,19.997934,30.6
5194409,25.477024,24.8
5189726,19.344095,28.1
5204752,18.032621,24.1
5188415,29.432436,41.6
5186797,24.659369,29.1
5182825,32.534668,47.6
5192838,21.362555,36.8
5183985,22.245127,26.8
5219367,19.380205,25.6
5233422,18.066458,30.3
5181514,26.65121,41.8
5234767,30.11263,23.5
5217513,33.85475,25.9
5207054,17.614958,28.8
5216371,21.488613,27.3
5187100,18.254562,21.4
5206256,19.091537,23.9
5180409,31.467093,30.3
5182517,25.78317,35.6
5192997,24.81736,25.6
5202552,23.000805,29.3
5189210,30.35578,33.7
5213426,29.169611,31.2
5227246,26.634653,28.4
5219036,22.280582,31.6
5192526,24.939234,30.1
5202685,26.963858,33.6
5196429,27.883427,36.1
5188044,24.167044,31.2
5206956,26.77025,35.5
5179284,23.312777,32.9
5223093,24.845364,51.1
5193139,22.159542,26.5
5204701,20.259329,24.4
5178997,18.26825,30.7
5214759,25.103504,27.8
5203945,23.329094,34.5
5245712,19.946507,24.9
5194725,22.791136,28.2
5214521,30.06658,27.4
5207987,18.949013,27.2
5181412,30.830687,34.6
5204315,22.23578,22.4
5182861,21.181772,25.6
5180585,30.081045,38.6
5216476,18.917643,29.1
5204543,28.451084,44.0
5225335,22.379995,26.3
5187696,14.660289,26.3
5233043,23.137817,28.7
5186034,25.38373,39.8
5232212,28.270618,34.9
5203599,24.775343,34.4
5182455,25.254591,25.3
5207381,27.433247,45.9
5192773,30.222803,42.3
5204008,23.107164,24.2
5216612,29.752981,40.0
5216233,25.900312,34.5
5222868,22.612488,50.9
5219638,17.447287,20.5
5209595,22.40489,28.9
5245867,18.67715,24.4
5200853,19.181822,22.6
5201586,20.432577,24.6
5193226,20.112688,32.6
5184897,17.742834,26.8
5181682,25.222635,29.8
5182691,23.0615,29.1
5197161,29.207224,34.1
5213877,28.24013,30.6
5206171,15.779507,28.2
5189945,20.92074,31.2
5202027,23.462791,33.6
5180946,21.558836,34.5
5215283,19.058481,34.2
5208762,19.21732,25.6
5219319,19.331282,22.9
5193018,23.593184,31.1
5191460,17.483522,28.1
5194117,24.00094,40.7
5191375,19.441027,34.8
5187374,20.910938,23.7
5191361,16.696054,27.7
5216175,19.28576,31.8
5217622,19.793314,25.6
5182169,25.652512,34.2
5201676,25.58215,24.6
5187216,22.982744,26.6
5193678,22.825079,30.2
5198227,19.858358,35.1
5205151,21.173761,28.7
5189457,24.515944,35.1
5208390,26.882235,30.9
5195999,22.23221,23.2
5187850,21.978495,30.7
5246928,27.47994,21.5
5190384,15.750866,23.1
5241608,27.086346,29.2
5192819,23.869251,34.8
5232986,20.219553,23.7
5200610,21.647755,37.1
5182828,24.06854,29.9
5207405,20.939684,36.9
5180172,31.05258,40.2
5188490,27.835962,40.8
5245148,23.44874,39.4
5207501,32.0241,55.9
5194903,18.910208,20.4
5211947,21.575705,31.3
5199068,25.190517,32.6
5182663,24.779486,39.6
5178114,24.930891,24.0
5223298,27.317974,22.3
5206443,20.87411,26.9
5183841,19.557724,24.4
5218183,21.740614,23.3
5191948,31.590248,35.2
5198682,22.81898,34.8
5202941,16.884815,29.8
5183077,23.223005,42.8
5192001,14.35871,34.3
5220899,30.7324,41.5
5188633,28.193773,38.3
5199505,20.734793,33.5
5228596,24.132477,24.1
5212966,23.754332,35.0
5223140,17.586107,32.1
5206963,17.467506,29.0
5196285,21.073984,32.8
5201614,20.26952,30.9
5217259,25.178682,30.6
5225959,24.095856,33.3
5194425,28.414297,30.7
5178355,18.448519,34.4
5242168,19.891428,35.3
5192782,17.887043,27.7
5232722,28.47691,33.0
5204033,20.73403,31.1
5198239,28.583273,38.5
5233997,23.755716,37.7
5194008,34.870842,57.1
5195910,18.128218,31.3
5196190,26.132154,29.6
5185178,20.026299,30.8
5201830,27.788553,34.9
5196445,20.558043,33.7
5217793,30.629637,42.9
5209059,18.274494,37.9
5196992,14.918488,22.0
5181004,23.793753,48.9
5178383,31.27698,45.8
5185515,21.2292,32.2
5201011,19.455078,23.8
5177985,20.40052,26.7
5218897,21.452759,37.9
5207818,22.01642,40.5
5214878,19.907919,32.8
5206478,20.31357,32.1
5178278,27.275682,34.5
5189159,25.679893,27.4
5204274,27.360044,28.6
5221959,26.148336,32.0
5207340,27.899536,35.9
5201612,24.17528,28.1
5194681,21.635021,28.9
5178399,22.517504,25.2
5219157,30.953173,32.6
5182793,28.918097,44.3
5218750,28.51327,31.6
5193196,17.38767,26.6
5218439,25.754267,33.2
5214388,28.994375,34.8
5186277,21.237926,25.1
5200053,21.014801,29.7
5187565,27.63233,32.5
5225973,21.169956,24.2
5245844,32.207058,34.5
5240119,21.093927,23.4
5181314,25.048096,30.9
5187964,23.34109,28.4
5210349,26.897596,27.1
5203027,22.786806,25.5
5209069,20.992104,25.6
5201687,23.725855,36.1
5214626,18.221012,34.7
5182785,16.812378,31.0
5234309,20.686037,39.1
5181348,33.457596,48.6
5191294,29.766268,39.5
5203511,23.84448,24.3
5219297,22.413252,26.5
5211738,18.404243,25.0
5209638,21.727118,48.1
5212147,23.186064,41.1
5178655,21.68117,26.8
5189910,18.648767,34.5
5222975,24.005636,45.8
5215902,21.380651,43.6
5211978,15.670879,28.3
5223150,26.338228,49.7
5187068,21.051695,33.0
5214554,19.15005,26.0
5227292,14.513525,23.3
5195048,15.656387,22.5
5203860,22.68485,29.3
5207760,28.526588,33.4
5223247,21.163843,35.0
5213853,20.062168,27.8
5222480,20.819674,33.6
5206958,22.103317,25.4
5229325,16.236128,29.6
5177494,19.387978,26.4
5201493,19.68746,34.2
5193331,28.183249,36.6
5179131,20.327774,53.2
5182998,28.909967,45.4
5227473,20.069769,29.4
5208487,23.24475,29.3
5184416,19.6593,30.7
5196126,22.790424,24.7
5204327,27.60467,37.5
5232684,17.386038,28.6
5205737,24.974226,33.7
5207383,29.417372,35.8
5205822,30.363129,41.0
5200325,22.2373,23.1
5181996,24.982887,28.9
5215058,19.713419,29.0
5184336,30.485514,36.3
5216576,23.187391,42.9
5181164,21.06748,33.8
5205045,31.78618,36.4
5190522,17.66487,30.2
5185599,31.04131,46.6
5186131,22.359861,26.7
5235327,17.404478,40.4
5243422,14.6034355,21.6
5222747,22.434267,25.5
5192021,26.34575,31.9
5194956,24.961216,23.5
5201813,30.889608,43.8
5196034,19.190369,25.7
5196776,22.461205,28.4
5208211,26.218386,29.9
5186586,24.109438,34.0
5218800,22.29078,29.7
5192209,28.306982,31.0
5212756,21.64638,31.7
5196952,22.397371,30.8
5207571,25.556623,36.5
5177255,32.147373,32.1
5198839,25.353615,22.3
5245897,22.031868,27.0
5219456,18.427666,33.9
5178133,26.877972,26.9
5192681,20.678583,23.3
5197649,21.596773,35.5
5215743,32.179306,29.2
5206193,23.942217,37.4
5187172,29.785185,43.3
5196130,21.884352,37.8
5208708,25.929607,36.4
5200416,18.997963,24.8
5206395,18.92817,22.3
5192113,16.754995,26.1
5186671,18.996874,33.9
5244997,22.559433,25.0
5181323,24.134066,27.6
5201322,18.93144,26.6
5210774,21.269876,29.2
5194211,19.552694,33.1
5199534,32.044792,52.7
5220014,23.781713,27.3
5190152,18.744347,28.9
5181793,22.20611,33.8
5234244,20.75667,25.5
5223484,26.300854,38.3
5215048,18.796328,24.0
5193714,20.375244,24.1
5190831,21.804678,26.1
5186335,18.817278,27.8
5206387,15.28208,26.2
5177884,26.77214,38.9
5180843,27.971148,47.3
5230075,21.139763,27.2
5231383,18.624102,26.7
5204378,26.096027,32.1
5184628,17.334143,32.2
5198358,40.427765,61.7
5179179,17.844793,29.0
5206052,22.300253,32.7
5214460,28.177748,44.9
5185083,17.303705,25.0
5196268,17.736755,27.6
5192910,25.517187,27.7
5246788,21.633455,23.6
5192803,22.765545,30.3
5195894,21.351835,24.5
5205753,21.201668,26.4
5204103,24.256918,23.1
5226078,21.704912,33.7
5180337,24.841955,26.8
5194635,18.741453,43.4
5192470,24.306906,29.5
5195250,26.306562,23.3
5247092,24.832739,38.9
5181592,19.80517,29.7
5216519,23.804289,28.3
5181543,18.442846,28.2
5181037,21.740904,33.3
5213955,21.879633,26.4
5214041,18.572529,28.8
5229811,21.570898,29.2
5193775,18.236414,27.6
5178981,18.900023,23.9
5208145,25.58611,37.2
5191697,23.349539,22.4
5189130,27.998913,37.9
5210024,35.375896,28.6
5183662,33.11879,31.3
5213984,20.0374,27.0
5218842,28.101542,27.9
5235521,26.373262,34.8
5183268,13.46587,22.2
5196360,26.3118,27.8
5235524,23.493774,28.6
5218021,18.658611,27.2
5227006,21.212458,30.4
5240441,24.529982,36.1
5182033,23.106049,40.3
5196628,19.418186,25.6
5205610,15.826404,20.1
5182380,26.381926,29.2
5229517,19.796907,33.0
5196156,16.847694,33.0
5189001,34.86904,38.4
5186740,23.01707,28.3
5185219,25.834436,26.0
5216663,27.429304,55.9
5185206,26.347227,23.7
5213655,23.581429,23.7
5180477,19.323687,40.8
5193010,18.246,27.1
5216814,21.835672,34.2
5219023,29.962505,29.8
5179385,23.62427,24.6
5246006,29.645966,31.6
5210610,26.489756,28.6
5215136,31.931652,56.5
5239878,22.400126,21.4
5189089,17.886217,35.6
5234621,30.991518,38.1
5184131,30.419485,40.0
5216630,18.918474,30.5
5245123,24.674746,26.0
5204616,28.995144,39.4
5200087,23.246403,35.1
5245917,20.250843,29.4
5186478,28.212696,38.9
5187831,29.00598,26.0
5193341,18.933886,37.5
5207081,19.659666,28.5
5197227,23.319965,40.0
5186662,27.587456,26.7
5200644,20.627604,21.4
5245288,26.901789,31.2
5244315,33.320343,25.7
5219351,33.145607,38.7
5219392,22.022234,29.5
5185261,24.48739,36.6
5185355,26.62569,48.1
5227208,27.67395,37.1
5205893,20.1426,26.1
5185711,23.539442,43.0
5205884,16.939146,25.1
5178209,20.926394,24.8
5235330,19.233046,35.1
5246540,35.490345,30.1
5203008,17.529047,38.4
5196057,15.314154,22.4
5182132,25.785885,26.9
5178253,24.980362,34.2
5212330,17.473698,29.5
5223111,16.000225,30.8
5183326,19.189013,31.4
5177360,24.157488,25.6
5198446,22.853746,36.6
5199974,22.490873,25.9
5185870,20.753998,29.8
5206880,16.35811,34.0
5181922,17.870825,24.7
5195442,21.425217,24.4
5193713,21.221312,27.9
5184476,31.339083,44.5
5211985,28.13244,34.7
5215326,21.798466,28.0
5216894,26.779242,34.2
5226340,20.33466,26.1
5185191,22.331902,29.5
5219618,16.128115,26.2
5235987,30.753439,28.5
5228779,22.681442,24.3
5181252,24.332151,30.1
5212621,27.181292,39.6
5216656,23.148027,33.6
5245984,23.308907,24.8
5202539,23.96952,30.3
5181820,21.722593,25.1
5179967,24.796892,33.6
5191563,17.682705,25.5
5182450,23.395252,26.3
5225930,24.900925,33.4
5190247,28.887905,41.7
5186325,20.214075,23.6
5223221,30.248846,42.8
5208750,19.494917,31.4
5179129,25.20125,31.1
5234750,24.532328,22.0
5185146,18.42242,28.4
5181813,24.092596,26.4
5222812,16.90277,31.1
5186713,25.060934,21.8
5192240,20.99045,40.2
5188618,25.373966,30.7
5184321,27.845507,38.6
5193893,15.714207,25.4
5183391,22.283094,26.2
5185755,23.251099,31.8
5200753,23.415854,28.4
5226275,37.646667,40.3
5188552,32.50992,44.0
5188770,21.144558,38.1
5183164,20.599684,27.6
5186274,27.060553,50.2
5211508,24.331656,34.4
5236211,21.166162,29.0
5177181,21.209225,31.6
5184457,22.99072,37.8
5197100,18.782103,45.6
5183865,28.476221,32.9
5236049,25.922121,24.5
5229535,20.645918,25.7
5183455,30.19358,31.1
5186823,25.07155,29.4
5188892,24.844622,32.3
5216203,28.514154,34.6
5246995,25.937061,31.8
5225260,22.916426,28.0
5185537,16.872265,31.5
5214376,20.363207,27.9
5177363,31.755186,37.9
5204592,27.286615,31.2
5196233,18.673578,34.7
5212921,27.688051,31.8
5219084,31.915483,49.4
5208903,21.97072,41.3
5177840,36.374985,34.5
5193858,18.28948,25.1
5192847,31.184332,61.1
5178068,21.49285,29.7
5205023,30.944899,29.4
5184558,23.79416,37.1
5222490,22.728722,31.2
5202421,16.736334,23.6
5228791,24.432451,33.5
5197766,26.03088,30.6
5180438,20.139818,25.6
5233692,26.719954,26.5
5195543,26.676504,31.4
5242684,19.52409,30.7
5214432,20.069418,37.4
5204954,19.455515,36.4
5216523,26.07687,29.0
5202882,27.134579,26.6
5235886,25.64625,30.9
5189561,20.131292,25.9
5194958,19.674112,28.9
5207660,19.170546,38.3
5194928,43.112843,31.7
5179670,28.511362,37.6
5181865,18.11403,35.6
5198404,27.321941,33.4
5179551,23.087147,30.9
5199625,22.206106,22.9
5204660,27.24713,39.6
5227308,25.862402,28.4
5180898,24.427488,29.8
5193500,25.608805,35.8
5214462,17.691816,31.2
5201081,29.680613,37.4
5205533,23.76054,29.2
5194538,24.694029,40.7
5198618,18.05478,24.7
5207852,29.065248,37.2
5183983,33.829636,53.7
5222154,26.41897,27.5
5191339,25.09597,45.4
5188374,18.470037,37.8
5189115,22.26861,38.3
5193241,21.428534,32.4
5198693,23.391993,35.6
5203105,21.470306,46.8
5233467,18.761404,33.4
5201126,20.446142,27.2
5199596,21.180996,37.6
5245266,23.482483,31.9
5178717,28.653864,41.2
5191504,26.770723,27.2
5245115,21.452433,29.7
5187690,25.46179,46.6
5187074,22.003279,30.3
5215429,27.804184,28.1
5207610,28.038507,25.1
5190140,22.128399,32.6
5189685,20.690826,42.0
5198582,18.544147,29.0
5201832,24.495214,34.3
5211541,25.084257,32.7
5214625,24.519117,29.4
5246200,17.919985,31.3
5231948,22.792845,26.4
5209627,19.52572,33.6
5237180,23.799068,34.1
5235464,26.846113,28.3
5216417,19.242228,30.3
5227102,30.816242,35.6
5202640,17.457521,25.4
5197435,18.867672,23.3
5205984,31.653444,32.9
5204876,27.392492,26.7
5194663,26.598406,39.8
5182101,24.620016,35.9
5186089,22.355942,21.8
5201711,19.338577,31.0
5233272,17.783339,29.1
5192708,23.799795,30.7
5229111,16.797235,25.0
5233540,30.072073,28.6
5191110,23.562786,34.8
5226189,25.55219,23.8
5191216,20.929104,23.9
5184184,23.61193,39.6
5216240,21.119324,32.8
5202438,22.782904,30.4
5204262,27.869715,27.9
5181122,28.722702,30.8
5216171,21.803143,39.0
5180169,33.968475,40.0
5220606,21.159487,26.9
5217523,20.721403,34.8
5231687,21.594107,25.1
5183605,20.39859,31.2
5218140,21.134642,22.8
5199676,22.055815,37.3
5208731,21.878828,36.3
5227723,27.353674,32.6
5177920,22.725801,45.0
5179107,23.308947,26.8
5195545,15.464509,22.7
5214529,28.026873,36.5
5216080,25.41968,30.3
5198186,26.406721,34.0
5179946,19.839878,29.3
5206984,23.759697,29.2
5192162,22.567593,35.8
5246913,14.930489,27.8
5225022,21.42185,27.0
5179820,24.213762,35.3
5178242,25.870731,52.7
5245788,20.85859,25.8
5201608,19.732374,30.4
5205013,24.299002,37.9
5197502,29.212673,30.1
5235100,18.82566,30.5
5205843,19.350794,24.5
5179046,21.400705,35.4
5180120,31.453323,41.4
5214008,22.659405,39.1
5182355,23.593945,35.6
5191763,19.665462,37.2
5180722,27.760014,40.0
5183156,19.704405,34.7
5248849,24.781002,27.0
5194735,21.890491,24.7
5190627,25.703302,25.3
5192800,31.754507,46.0
5201573,24.530193,37.8
5183385,31.890305,38.5
5223139,21.755705,34.6
5183127,21.987883,35.4
5218789,23.214073,25.1
5206149,19.2629,28.1
5209047,26.926601,25.1
5217222,21.169989,39.2
5191747,23.027803,30.6
5208726,23.197042,37.1
5188989,21.560015,28.0
5233658,16.539883,35.3
5201264,20.662088,39.4
5188093,24.11478,44.0
5195343,24.837303,29.9
5204810,30.603882,22.4
5189604,24.052458,26.0
5195055,27.19152,36.0
5184150,27.20368,36.0
5198225,27.141445,32.8
5205936,24.46117,37.5
5191507,26.165445,39.0
5192264,19.201368,24.7
5220450,22.690855,29.7
5177242,19.867846,27.5
5179872,22.654871,35.3
5207002,19.52013,29.2
5190743,21.31948,27.0
5180147,22.571524,26.4
5201186,29.207315,26.7
5227151,21.321287,25.2
5198897,13.709174,30.3
5245642,28.02416,41.1
5245528,25.43986,27.5
5221179,21.90891,27.7
5188167,34.087685,48.5
5223124,26.877394,31.1
5189505,27.01306,29.4
5201522,27.907492,28.5
5214086,20.243284,27.5
5209626,16.49401,26.7
5209477,27.72128,36.9
5236520,20.688574,24.6
5193609,16.014486,24.3
5192078,21.41263,34.3
5211225,21.588129,29.7
5196908,26.545263,43.7
5202484,22.410088,23.5
5234681,31.206863,30.1
5213912,20.619225,27.6
5219459,22.468735,35.8
5201156,21.317446,21.5
5213450,20.706114,34.1
5200707,25.097406,31.4
5209334,21.474886,35.3
5206671,20.804825,36.2
5222423,26.51978,29.8
5187713,31.384514,66.1
5201921,19.678839,24.5
5193935,21.744043,30.5
5178184,27.042204,37.7
5220759,15.986992,37.3
5177203,25.89951,41.5
5178745,27.078947,41.5
5187595,24.628817,25.4
5188224,23.915628,39.2
5182283,20.36653,28.6
5211134,22.727364,36.1
5216444,21.593115,25.9
5180887,20.964428,38.3
5216489,25.386652,28.2
5222509,27.808138,26.0
5186868,17.910774,52.1
5203014,23.589571,31.4
5177276,22.955015,31.8
5187279,26.081774,29.1
5189155,17.680609,30.4
5226556,21.637028,23.8
5204430,24.03493,28.5
5222360,22.48672,35.0
5198749,37.828136,53.4
5199428,27.312016,34.8
5181403,24.948954,51.5
5196545,28.150003,46.0
5218204,21.138308,22.3
5205068,22.077604,33.8
5204072,27.427422,21.1
5195493,22.788391,35.7
5221106,21.99837,34.6
5203689,22.948957,27.5
5194449,20.225988,26.6
5183752,21.828781,26.5
5188321,37.19108,60.7
5235597,25.817736,28.3
5210553,21.92624,31.4
5206324,22.946627,30.7
5203189,39.72433,24.5
5214161,16.383806,21.8
5198210,19.738682,28.0
5211850,25.630877,23.8
5204564,24.64306,34.7
5196187,23.95265,29.3
5212910,20.13354,31.8
5198110,22.55583,29.8
5200463,26.289036,48.3
5178965,23.3714,36.8
5199610,27.626612,32.9
5178838,26.263186,34.4
5219646,22.679993,27.6
5199058,26.73989,37.1
5216214,17.947155,25.5
5217284,21.557367,30.7
5183288,25.400331,33.5
5177644,22.914148,34.6
5221595,25.0888,32.2
5220686,20.17149,30.3
5213523,22.276716,38.3
5185403,20.313295,54.9
5178841,23.368956,39.5
5215767,17.45346,25.8
5189144,20.748156,33.7
5187275,25.458197,23.0
5193986,23.049463,27.5
5191737,19.376337,28.8
5193244,17.400806,25.9
5207011,17.602571,31.6
5181832,17.396776,26.9
5219948,21.927,28.2
5184245,26.303537,38.9
5178494,26.905512,29.2
5196480,19.598862,24.6
5183807,27.373205,45.5
5206853,22.390467,30.1
5204486,24.637362,32.6
5187241,25.126287,28.3
5178514,22.666174,28.9
5202219,39.164745,48.5
5246314,14.279413,23.6
5226881,26.88608,30.5
5216069,23.667768,29.1
5243869,24.497972,38.1
5203926,21.003967,35.4
5235394,20.191175,31.4
5198546,17.315619,25.0
5190843,25.02881,28.5
5189859,27.258736,24.4
5243300,19.460518,24.6
5184437,28.742067,39.5
5204575,22.41961,26.7
5216653,25.137672,29.0
5203106,22.14866,27.1
5205327,17.660648,28.8
5186990,20.452345,24.5
5191440,21.469007,34.0
5183028,20.422373,31.7
5207386,18.875912,41.4
5234840,25.710073,23.6
5219995,19.087692,25.4
5217448,24.391367,32.3
5245924,27.996113,41.6
5202347,23.880306,33.2
5235857,17.665194,35.5
5194970,22.376446,34.6
5213653,32.09536,48.8
5200976,20.2684,30.5
5181349,23.53876,27.3
5235668,22.875893,23.1
5216946,20.440649,29.3
5202185,21.774569,27.0
5229212,22.858538,22.0
5218117,32.10142,45.3
5199496,23.500668,27.4
5190612,25.984644,32.5
5197024,21.259304,27.5
5245405,22.68792,33.0
5181648,22.956793,34.1
5191477,34.9769,34.6
5182377,26.343317,45.6
5217729,23.482088,37.5
5194401,21.902313,22.9
5199095,26.958698,29.7
5183715,16.817652,35.3
5180024,21.742588,25.2
5232831,16.928984,23.2
5218082,20.632517,24.6
5193458,29.873247,36.4
5246381,25.856264,23.0
5245228,26.654419,22.2
5203870,19.902548,24.3
5200043,28.451893,44.6
5185252,17.417395,21.1
5204367,21.503035,39.7
5178127,27.119436,40.7
5206593,24.946348,25.4
5218787,22.91766,26.6
5177581,24.572477,25.3
5222765,27.884356,36.6
5189167,23.794863,32.1
5184421,27.705935,57.8
5195467,19.622412,24.2
5243443,19.084044,29.9
5235844,26.254965,32.0
5186718,23.620493,34.6
5220670,29.526112,38.7
5246323,22.160738,26.7
5178116,24.589119,33.5
5215433,28.455097,34.4
5187209,21.465155,31.6
5215808,24.89104,34.4
5194261,18.614538,27.0
5187967,23.024498,21.7
5179063,25.7378,26.8
5198809,19.586138,23.8
5191867,14.108925,23.6
5181980,22.669775,31.4
5187174,20.44675,30.2
5236143,23.216803,32.2
5193959,19.546492,35.3
5179508,23.573126,38.2
5238637,26.870865,26.4
5237295,17.77379,28.4
5177888,20.28491,34.3
5209043,20.170273,33.0
5206179,29.08979,51.9
5185796,22.754015,33.9
5184820,24.588541,35.1
5184205,17.889893,29.3
5181175,28.52825,27.3
5185242,26.441805,33.3
5214970,19.84157,43.2
5179965,22.860905,36.1
5180611,26.930628,30.7
5206373,26.448025,31.2
5213983,19.614456,31.5
5200708,27.332804,37.1
5188050,19.678202,21.8
5191768,20.27394,44.7
5180471,18.809057,22.5
5204566,35.782974,24.7
5179869,25.692923,36.4
5246550,24.350468,23.9
5237898,20.21771,20.4
5180220,17.54732,53.9
5183657,32.470013,37.8
5188251,26.920534,35.9
5223217,24.846945,42.0
5189838,22.55473,36.2
5220717,16.34047,31.2
5186048,24.216524,24.9
5205813,26.659492,33.3
5206641,25.079607,34.1
5185600,31.78396,50.2
5227126,20.370565,28.5
5198727,21.192856,29.1
5207162,25.30601,37.6
5240234,32.615337,36.4
5247141,24.332584,25.8
5188392,30.132975,32.5
5247075,19.287167,28.9
5235909,25.059027,32.2
5218545,21.8608,24.4
5196893,20.826406,54.3
5191857,25.80779,30.4
5221942,27.32807,36.9
5203800,21.892996,44.2
5201237,23.613306,26.5
5185938,23.593168,34.1
5182814,27.627605,30.6
5189004,31.570692,29.7
5178247,17.25187,26.4
5213692,26.17545,31.4
5187748,26.11452,56.1
5182453,26.141893,42.0
5192573,26.789743,26.2
5198953,21.058466,24.8
5208928,26.405508,40.3
5201908,16.729635,42.8
5204351,27.859324,34.9
5203154,32.6823,32.8
5229297,24.987614,34.3
5209430,26.56772,30.6
5220530,24.383057,43.3
5179699,28.297619,24.8
5177995,25.308891,42.4
5179577,29.798712,43.2
5193003,28.51702,41.2
5201381,19.069946,31.5
5191998,23.961708,30.1
5186119,19.08468,27.3
5193937,19.274084,26.2
5229142,25.11078,36.2
5187311,23.92131,24.5
5214600,20.522654,28.3
5178178,18.261194,33.4
5213124,27.801523,40.7
5217629,22.648535,32.7
5219088,22.27086,31.3
5184749,29.638212,38.6
5207632,18.972055,29.1
5199480,23.332586,27.3
5194873,20.057684,32.2
5208574,17.042955,24.9
5233885,20.581553,41.2
5186540,23.590801,32.3
5187244,29.743315,31.6
5199937,23.205137,24.7
5203016,19.880732,30.7
5184316,25.542389,36.9
5209103,20.97513,32.9
5194807,22.429367,38.3
5207366,20.936552,28.2
5242457,21.24452,35.7
5213618,21.482115,23.7
5179806,24.186579,25.9
5179071,29.755468,36.2
5220762,22.645147,29.9
5202457,25.417933,36.0
5183705,22.980742,31.1
5203588,34.048603,37.2
5206916,19.939247,33.9
5184870,29.280163,45.1
5177164,25.517653,38.2
5196462,14.985325,36.9
5238029,21.300564,29.3
5213956,25.857735,25.5
5217230,27.475027,25.2
5198532,29.283068,43.3
5205218,20.663607,32.2
5197695,17.820189,22.7
5217725,28.649069,28.8
5209233,19.303381,23.9
5233855,23.256786,30.6
5203645,27.568405,33.2
5211366,23.622602,30.8
5193485,24.363619,29.5
5183596,22.19836,32.1
5187654,28.113394,38.8
5220702,32.652832,33.7
5183523,27.114891,37.4
5177666,36.290016,51.3
5220671,22.733637,31.1
5199351,22.161718,28.9
5192975,17.24566,24.6
5196102,26.46487,47.2
5208502,29.36033,31.5
5191649,24.23527,45.8
5183284,31.296898,43.7
5200657,19.970682,23.7
5181659,27.607439,30.9
5193889,21.75186,32.5
5217602,22.223734,40.1
5221483,27.078701,30.2
5220326,30.79203,47.0
5184724,20.49006,43.4
5184145,19.474918,27.1
5194334,24.223656,36.2
5231073,26.823133,33.5
5203575,24.957724,33.4
5216043,17.650385,24.9
5182618,24.430296,26.6
5208802,31.184887,30.7
5192230,25.107893,32.3
5214901,20.673822,26.7
5246693,23.459074,21.1
5185332,25.295256,29.8
5209653,24.853716,34.1
5195529,18.61648,31.9
5183042,20.62469,24.8
5180396,19.332285,24.3
5179886,20.292305,27.2
5210633,28.992617,41.4
5199225,22.528101,31.0
5227450,32.235126,31.5
5189382,26.717228,40.7
5190698,24.875666,30.8
5183492,20.558582,38.1
5207533,24.411547,28.5
5202339,23.923101,28.7
5203039,24.935612,26.4
5203563,24.15679,32.4
5235790,28.154398,28.6
5179006,23.211393,35.4
5207678,20.529928,22.5
5204609,29.966671,20.7
5180610,21.276804,50.7
5205970,18.049515,25.8
5197504,27.677794,35.8
5183599,24.525389,30.8
5184235,17.62502,27.4
5191128,19.327595,28.9
5177649,19.282465,31.0
5206729,34.745953,42.7
5177229,34.289677,33.5
5197782,22.030212,26.2
5204009,26.199667,43.3
5187173,17.534298,21.7
5227340,16.830963,24.5
5178112,24.019655,33.5
5190628,29.971273,31.0
5201054,19.697521,34.7
5188283,30.00147,34.8
5186466,23.36507,34.0
5235525,21.954412,32.4
5212044,30.431343,50.0
5187597,25.032284,31.4
5182125,30.033972,47.6
5214453,19.571812,35.3
5217006,26.445593,35.2
5184842,26.262945,27.6
5185270,26.104042,30.5
5202996,16.499775,27.5
5186405,20.728031,38.5
5187732,23.356777,32.5
5219452,33.070507,46.7
5207110,28.394451,24.8
5200743,23.58697,34.8
5186057,18.61224,26.8
5235796,31.515604,44.2
5197974,23.008738,37.8
5178469,16.1244,23.9
5226614,15.33534,27.5
5185549,37.323143,58.9
5218114,21.585789,30.8
5184861,24.082075,33.1
5181066,18.00193,29.4
5246979,20.997673,41.9
5200958,16.606264,24.1
5183563,25.15935,59.3
5185686,26.669443,35.4
5187052,24.606672,37.5
5197749,22.20081,25.9
5227955,22.806742,21.2
5227759,24.215853,30.1
5203497,19.172277,23.3
5198627,24.84225,25.5
5211907,29.937044,21.7
5198390,16.5574,27.8
5208391,24.987568,32.2
5201221,19.313795,28.3
5209049,15.8798065,31.4
5215789,27.275377,23.1
5232774,22.57086,25.2
5194837,22.102793,42.8
5188028,24.785305,36.6
5206934,35.371174,36.5
5190057,21.060368,25.7
5179034,27.520735,30.6
5185489,24.47238,40.5
5217014,30.506765,40.3
5202911,28.494608,29.6
5201734,17.355654,28.0
5207445,23.985264,27.5
5228496,31.212418,38.4
5213631,23.621223,32.5
5201427,20.724432,31.1
5246393,20.78624,41.5
5197405,18.615767,33.1
5184212,21.252802,24.1
5189412,27.222128,28.5
5190244,25.618235,30.2
5211546,17.877502,26.3
5200850,35.41968,37.9
5208297,25.893398,31.3
5211749,29.26983,34.4
5221326,18.966883,25.6
5185940,25.890825,40.6
5226278,28.978361,35.2
5201963,25.155289,34.3
5178781,24.541025,39.1
5183667,26.202034,22.9
5181624,26.294544,36.4
5203875,21.469961,31.3
5197880,16.369558,29.0
5214203,27.61493,32.6
5183590,25.092567,34.5
5234502,25.14936,34.0
5205015,25.024548,32.0
5226863,28.180077,32.5
5198896,17.909712,26.3
5207483,14.934658,23.7
5217657,23.235558,38.2
5200147,26.693357,31.0
5232533,28.975111,29.1
5183145,15.13931,21.2
5195987,22.269289,31.1
5222020,22.148394,35.1
5197579,22.673786,30.1
5191531,22.380627,31.0
5194340,18.279459,31.5
5199941,15.675661,24.7
5183297,16.335098,30.0
5180014,21.912167,32.3
5183768,17.09556,25.9
5235126,20.182997,26.1
5203747,25.718153,28.4
5187628,27.803415,47.6
5188828,26.15057,38.2
5222602,21.793043,29.0
5185475,20.189814,24.5
5210359,27.222494,29.7
5190223,21.590511,40.4
5191843,37.25353,27.7
5227058,26.74161,30.7
5184236,24.629364,26.0
5186224,17.288515,32.0
5198000,24.1779,27.3
5203560,17.113615,27.9
5236344,31.334433,36.0
5209385,23.775759,38.6
5245559,24.435263,29.4
5230704,29.151228,27.2
5183383,27.415007,38.6
5185790,23.012205,33.7
5235748,21.16428,36.9
5204466,17.981209,26.7
5232032,17.34768,32.5
5198301,20.110922,26.0
5182093,30.92798,33.8
5177630,22.030367,25.0
5192980,19.143919,45.0
5189156,31.531384,40.1
5200505,19.891901,30.7
5196906,22.2511,33.7
5199666,21.74357,22.9
5235424,23.458479,25.5
5209269,19.070168,31.0
5208689,20.262465,25.4
5208349,26.342955,32.8
5216480,20.070753,36.5
5220697,26.302908,32.7
5188987,25.381268,27.0
5198538,23.385649,35.6
5177267,25.53477,31.7
5248624,20.899221,22.7
5195332,24.061937,31.7
5177981,19.836176,26.4
5245473,25.831118,27.0
5197399,18.924932,29.3
5221200,22.752867,32.1
5188853,29.779934,26.5
5190874,18.452192,28.5
5186211,20.147215,38.9
5227463,32.492393,33.6
5178102,27.15796,36.6
5181420,28.2694,30.3
5194435,19.799202,25.9
5186786,27.750546,33.0
5182016,28.719215,47.7
5191267,20.81156,33.6
5194355,19.609274,24.3
5180512,30.739908,30.0
5191543,25.811321,44.5
5214864,20.649387,24.8
5179502,22.011656,25.5
5182721,25.35123,32.8
5184289,25.650648,27.7
5178944,22.100012,47.0
5200754,24.856112,32.8
5222176,23.726881,29.0
5209070,30.565252,30.7
5227139,29.380014,43.1
5227086,21.549986,29.0
5198800,17.471682,27.7
5183032,20.400812,28.0
5213229,29.669714,33.0
5193486,21.918703,26.8
5177345,21.051577,28.9
5181405,19.829117,28.1
5233639,15.354937,24.6
5188247,22.071869,36.3
5201048,21.999504,20.4
5208752,19.522928,32.0
5243973,16.664156,22.5
5182759,22.03338,38.7
5201805,19.886744,28.7
5198685,22.135527,33.2
5213413,19.399378,32.1
5190574,28.190153,38.7
5200800,24.73409,35.6
5181754,15.557383,30.1
5207129,28.11524,30.8
5214777,15.684213,25.3
5220570,32.789623,39.3
5199243,30.697645,47.2
5221183,21.833971,29.2
5183006,24.671791,34.8
5214433,25.180187,28.6
5184575,20.986456,23.0
5219518,25.60644,28.6
5226920,21.49742,35.1
5205830,26.250689,25.4
5222183,26.114206,31.2
5187669,19.160492,28.6
5193150,17.461643,34.6
5235305,34.873177,30.4
5197240,24.206987,33.9
5193454,21.017687,46.5
5204146,24.875097,25.9
5218856,29.347622,34.0
5198034,23.338692,41.2
5236037,21.444616,35.3
5204892,29.005207,31.0
5191263,25.1561,35.4
5205060,19.107382,27.8
5191508,26.949604,31.0
5207495,20.28813,23.2
5194019,20.858747,33.2
5203721,27.480688,22.9
5235785,24.050215,32.9
5216745,20.836,24.7
5187219,26.468529,32.1
5213940,21.702211,22.8
5223128,23.906284,29.7
5221128,18.51615,21.3
5218592,18.383099,21.3
5177540,23.35997,30.8
5178529,24.840593,29.9
5215192,23.098288,27.2
5199497,16.674723,23.3
5178260,23.556805,36.6
5196467,31.664454,27.7
5197089,28.911272,31.1
5208445,21.528341,30.0
5216622,23.369963,24.8
5191989,16.425291,29.8
5190196,21.363419,29.8
5192229,29.521614,49.1
5212805,26.161205,34.0
5239349,26.03607,27.0
5217069,28.81404,41.8
5202114,24.795628,31.1
5184265,22.480417,34.0
5188650,21.089727,32.9
5183203,19.228395,33.1
5233528,23.20566,23.7
5187028,22.098707,22.1
5245915,20.71238,30.3
5209524,25.707743,37.6
5197800,23.470945,25.0
5207171,18.486685,35.9
5186858,27.93104,39.0
5222715,26.506792,37.6
5187309,31.794004,39.6
5213352,27.194193,42.5
5193719,25.364668,49.3
5187677,25.335861,29.8
5210606,19.823994,19.8
5196458,25.739397,31.1
5216582,27.111708,33.6
5222725,24.581383,39.0
5191855,16.922539,25.4
5208272,25.497818,27.2
5195966,31.069946,46.6
5216588,27.965727,29.5
5186932,25.649706,34.8
5213007,21.270933,36.3
5208223,23.16826,41.6
5181025,23.797958,48.0
5195632,25.169083,25.7
5213364,22.278246,36.8
5201471,24.133928,47.4
5202546,20.76517,23.2
5177648,22.862429,27.2
5207766,19.245874,23.4
5195360,23.393957,51.4
5218804,36.846188,49.8
5197530,24.562729,32.0
5201808,20.927092,25.5
5219165,27.730707,30.5
5215234,23.46401,34.7
5181939,25.897709,31.1
5192111,22.329967,38.0
5221491,26.178099,24.9
5213634,22.215487,20.9
5196294,23.39155,43.1
5198622,31.080671,47.2
5196283,21.67324,47.2
5209583,26.63737,30.1
5188969,23.255789,27.4
5183085,29.452448,45.6
5203396,26.364454,30.6
5187010,18.759832,34.1
5228529,27.128132,24.7
5194078,24.765535,38.2
5215603,21.226912,26.1
5236104,16.314093,26.9
5227166,16.514982,19.7
5188730,25.626135,33.7
5194592,28.182442,39.7
5234868,20.1883,33.4
5208245,23.93533,29.2
5228836,26.435135,27.4
5181895,31.274641,51.7
5182185,21.510323,25.5
5191557,27.06499,45.9
5212135,22.27442,33.8
5208893,17.666384,22.7
5239792,16.084444,25.4
5206832,19.751137,31.7
5192797,19.495,34.3
5179323,21.038908,30.0
5214026,20.198172,20.8
5195356,22.788578,36.2
5216482,15.399605,24.5
5227129,21.168032,33.7
5203814,21.701096,28.5
5217292,21.598745,24.2
5219782,25.316996,25.9
5213731,18.49988,24.5
5209026,23.18575,34.4
5233100,22.405336,28.2
5199883,18.31714,24.2
5208460,22.189405,39.5
5189024,25.092546,29.0
5197334,31.21126,29.2
5234094,17.232225,29.9
5207881,22.579329,28.2
5216789,18.717442,32.4
5206917,16.927032,33.3
5182484,21.566849,34.4
5178216,21.054243,29.7
5191822,22.881376,43.8
5190543,20.174295,42.8
5198741,31.168993,37.4
5197841,28.2115,28.5
5243574,26.26598,33.3
5208776,18.017687,25.5
5216390,22.306791,36.4
5209366,29.045576,29.1
5198523,27.437654,34.5
5200265,22.123491,28.1
5196277,19.1373,28.7
5177697,19.572815,28.4
5226584,22.816122,23.5
5183281,21.609854,36.6
5183102,30.272,40.3
5188199,16.67757,31.9
5186567,17.660921,25.0
5195638,17.52051,24.9
5220618,24.512182,34.2
5226272,28.508915,33.6
5186297,17.889277,25.1
5180032,18.387339,33.5
5201859,15.813128,29.0
5185930,31.452402,34.6
5193155,20.273071,26.8
5190997,21.284761,35.2
5217593,27.22914,38.9
5206834,19.127064,24.9
5219370,24.147383,30.8
5181651,20.899157,29.6
5182112,24.434381,40.5
5188941,30.092703,39.0
5197121,31.350546,50.9
5197034,27.783895,40.3
5208572,21.342413,33.1
5209387,26.389286,33.8
5205413,17.754534,26.2
5186434,21.365263,38.9
5210563,21.002745,27.5
5235612,34.91612,45.0
5246898,25.86836,36.8
5184654,30.604784,28.5
5222856,20.46216,24.7
5208751,22.0716,31.0
5180308,27.014368,30.7
5187235,19.343134,23.4
5221598,16.655806,31.7
5232744,21.049341,24.5
5222447,25.079756,31.8
5186474,24.63722,24.9
5192885,31.937872,34.3
5206909,27.478474,43.9
5237166,20.546333,24.8
5183982,21.294783,27.1
5183065,21.06541,29.7
5227589,28.46882,41.0
5198496,23.09722,21.2
5188708,18.542385,26.1
5217390,21.744951,32.6
5193531,21.52646,28.1
5194986,25.933716,26.0
5181899,18.355242,27.9
5206886,25.509993,28.7
5209906,21.67459,43.5
5184507,21.252851,47.3
5182899,26.309933,39.3
5229400,27.404894,21.5
5188972,21.863512,27.8
5214726,17.67238,26.7
5180844,20.162241,30.2
5202237,18.128736,23.2
5221329,18.907316,25.9
5184536,22.247652,24.1
5184482,17.31183,21.1
5189197,26.384995,43.1
5202645,24.664875,40.4
5195538,17.511023,26.0
5209263,27.82492,31.4
5187006,25.903175,45.1
5181767,22.434538,39.9
5214845,25.597357,35.3
5183765,27.50955,32.7
5202830,19.602285,27.9
5201353,26.519325,35.6
5247244,19.649464,28.4
5243240,22.874329,25.5
5208459,21.827751,30.6
5197142,18.512417,30.7
5183436,28.310543,31.3
5233809,20.198238,28.2
5203943,24.206026,39.0
5232559,20.80985,27.1
5223507,30.86675,31.0
5233996,23.016682,26.8
5183756,20.678295,31.6
5188084,21.795567,31.5
5194898,16.773424,25.0
5188211,26.495651,45.0
5184441,21.491346,31.2
5191755,27.768976,23.1
5192051,30.005775,36.5
5194718,26.608671,44.0
5222004,25.623522,30.5
5184065,21.808073,35.4
5182491,25.390053,40.3
5193259,22.132906,31.3
5221427,22.349672,29.9
5183044,19.131495,28.0
5206188,38.351208,37.2
5190850,15.881027,24.0
5187069,15.433083,24.1
5214385,21.915346,29.7
5222201,27.689518,24.8
5220852,22.439632,57.8
5207221,29.358828,36.3
5207230,21.18248,36.2
5217787,22.480564,22.1
5223085,27.655993,41.1
5198491,18.312166,32.0
5195298,21.435352,28.4
5184194,26.86036,34.7
5193084,25.779142,36.2
5203325,25.47938,54.3
5227029,20.976442,29.2
5236244,28.265564,32.3
5199023,18.491735,25.7
5196997,24.735868,27.3
5204875,20.553463,30.8
5187032,22.080061,25.1
5196928,21.365252,31.0
5194576,17.85256,29.6
5180103,28.215494,34.4
5191935,36.804264,34.2
5198629,24.599617,28.7
5221025,25.52205,29.9
5178765,21.154812,30.8
5225599,17.68505,23.8
5248944,20.316551,28.7
5185142,21.05258,32.1
5235920,24.88846,34.3
5192411,22.918528,35.7
5183094,33.014717,36.6
5242623,30.523745,47.9
5211039,24.023048,37.4
5181410,32.33526,45.3
5190151,27.420462,33.5
5195501,21.326769,24.4
5195342,28.519917,39.6
5187938,19.645819,28.6
5209523,27.136826,29.0
5194169,28.900896,26.5
5192741,29.960506,34.0
5185107,21.402233,30.0
5179841,21.096853,28.0
5186447,17.77593,29.4
5208795,25.172415,50.1
5183327,31.543417,46.5
5225338,20.33787,36.6
5183499,30.105738,34.7
5214842,27.648928,40.9
5209490,25.745214,36.9
5193189,30.113619,37.2
5204948,28.34381,29.4
5183879,18.650637,27.1
5216429,19.33946,25.6
5183051,24.183216,26.2
5238132,17.110464,37.7
5195811,33.812687,38.0
5244957,28.015089,35.2
5206025,22.09966,39.5
5207377,28.780876,34.3
5177952,26.228178,39.7
5188303,24.208822,39.8
5182218,22.56526,32.0
5187137,22.126863,31.2
5197009,22.814873,32.4
5209094,29.843838,33.0
5189810,19.618734,24.6
5183386,18.054302,26.7
5187206,29.084114,29.4
5214868,28.658365,38.9
5180468,27.350622,34.1
5183222,32.173153,32.2
5182527,20.759104,30.9
5187749,26.052366,36.6
5216542,22.755041,33.3
5177230,26.56014,32.6
5246316,23.429203,37.2
5179981,24.525248,29.8
5194393,20.650064,19.8
5203579,23.918226,26.5
5217910,19.570354,32.7
5208364,20.619822,31.2
5187168,18.062498,27.0
5208988,24.192507,53.3
5185732,17.76006,30.5
5197871,23.864902,30.4
5201151,32.044003,31.7
5197139,17.612822,30.7
5224963,27.745874,32.1
5199413,20.649347,26.3
5184350,21.719564,21.3
5193265,28.858583,27.7
5223075,24.14248,27.2
5198048,18.558361,34.2
5234462,22.926266,29.2
5212992,31.525387,42.3
5185595,18.766733,24.1
5180451,24.809622,30.4
5192092,21.032204,24.3
5232410,19.289747,26.9
5221769,26.868193,29.9
5181002,23.174467,33.3
5217617,25.916723,28.3
5216339,19.100336,24.5
5184444,25.144594,29.4
5183301,21.175547,27.6
5213433,17.131678,24.6
5204029,22.182299,27.3
5183795,20.578264,33.4
5195837,21.319,51.5
5221330,18.897732,23.0
5192507,19.147434,26.6
5222200,20.672623,41.0
5215353,23.528269,26.9
5189093,22.00144,30.9
5210990,27.206877,42.6
5203975,27.800095,30.2
5186127,19.043936,26.2
5222631,26.702633,34.5
5243682,34.11204,23.4
5202116,25.026821,37.8
5248673,16.010708,28.0
5201912,31.513273,42.2
5215643,30.255713,37.2
5194549,22.514198,25.1
5179510,26.153082,32.1
5218257,20.7568,23.7
5178243,25.680872,28.7
5186292,24.184902,32.4
5209754,23.171278,32.8
5214420,33.099316,22.0
5205668,23.711521,44.5
5182315,21.139599,22.4
5203987,20.231163,23.6
5221584,24.125834,27.5
5207314,23.778135,27.9
5234989,32.841885,35.2
5185563,20.196947,33.2
5178667,29.172548,23.7
5201265,26.566021,52.4
5231279,17.999973,31.8
5184003,24.43474,34.3
5191623,29.400091,30.4
5222049,21.311583,34.4
5208155,35.140125,50.2
5221037,27.545069,28.6
5246572,21.84416,29.7
5196362,22.764475,23.0
5212033,23.327877,31.1
5212138,20.451334,39.1
5191494,19.72253,26.5
5234988,18.434942,24.2
5187588,20.945131,31.8
5227155,23.465483,26.5
5178850,23.918875,30.0
5219940,25.190817,20.3
5233910,23.172731,26.2
5234701,29.17168,32.0
5179814,24.554338,36.7
5196337,20.580553,26.1
5210440,22.945215,34.9
5202570,18.327778,26.9
5205745,21.89089,25.3
5197324,19.014277,25.9
5220997,20.131004,27.5
5219379,18.70837,30.7
5234850,22.846296,26.7
5178876,25.95428,25.4
5188036,17.848303,24.8
5178949,23.877214,33.3
5194121,23.261993,28.6
5205161,17.77434,25.7
5180945,20.592787,26.4
5191590,26.48002,44.1
5189622,18.748714,31.8
5198099,26.43257,35.1
5197290,33.863583,27.9
5205225,24.406183,27.1
5196525,29.187769,27.1
5184709,24.139324,27.4
5198801,19.446684,23.0
5186472,23.852375,36.6
5245119,19.755613,24.1
5209932,19.735256,37.8
5211758,21.88259,37.7
5193839,29.267586,49.7
5208605,18.087666,28.2
5178773,22.436975,36.1
5196241,24.438528,30.9
5236464,31.927788,20.7
5199153,17.906279,36.8
5211783,21.43493,23.7
5198403,20.670078,38.1
5192353,28.901888,48.7
5181569,24.13548,25.0
5198184,21.656372,36.7
5188042,35.30514,67.1
5222278,21.98371,26.7
5212525,31.029451,34.5
5184964,26.131031,30.8
5179748,22.877241,34.2
5179031,23.663172,26.3
5183925,20.24957,33.7
5177286,24.257986,24.1
5197516,32.952595,26.8
5202875,27.419886,28.2
5208315,19.861652,30.9
5210079,19.503279,27.2
5186062,18.687485,23.3
5189244,22.753504,38.4
5204741,21.479502,31.6
5192149,23.798374,45.4
5214972,29.483288,41.1
5205378,28.175066,39.1
5225891,22.550137,28.0
5182163,25.808725,41.2
5207755,28.389597,26.6
5213723,20.332644,33.6
5244351,18.789188,37.6
5179027,19.643599,24.1
5188805,29.897503,34.6
5191320,33.13074,37.7
5228005,26.31356,30.0
5219589,26.76998,25.9
5206923,22.965126,32.4
5181518,29.041182,30.6
5191685,37.080456,40.2
5208333,25.655909,34.6
5178482,20.212702,24.1
5178758,31.363987,32.5
5190649,26.47362,33.5
5213181,23.492521,31.8
5229833,22.406214,36.5
5214709,25.859516,21.7
5208957,18.7306,37.4
5213733,23.81792,36.1
5199606,21.700916,46.9
5216688,22.491026,37.0
5216983,23.621857,47.8
5233927,26.98064,34.2
5245610,28.1655,22.8
5220248,27.124052,29.3
5209113,22.441778,30.6
5220134,28.529573,43.9
5185799,18.550892,30.4
5186573,18.97748,36.6
5203138,21.302141,30.2
5194755,26.855513,33.7
5207949,23.313995,38.7
5220535,20.486506,26.1
5183571,22.772299,31.5
5202115,23.582146,35.7
5200409,21.38128,34.4
5218523,21.387152,23.8
5189269,31.17081,34.2
5188091,23.79848,30.2
5198600,19.892181,41.0
5245083,20.081184,24.0
5204986,18.396414,28.1
5179924,20.713373,27.1
5222816,17.799088,28.7
5211871,30.194662,34.2
5205612,20.71874,31.3
5221458,29.837494,28.2
5234826,22.165598,26.3
5228414,22.430618,30.0
5185819,26.263031,30.2
5191399,19.08514,41.4
5188890,21.578556,35.5
5207880,18.779621,28.3
5192744,30.313278,43.3
5202056,24.724651,43.9
5245008,22.250296,21.7
5205841,22.838987,28.6
5223190,24.953947,30.7
5187994,25.074955,41.6
5182563,24.92386,52.8
5216159,22.540163,25.8
5208227,17.653864,28.9
5216563,23.228771,38.8
5199077,17.85787,25.2
5183126,19.700388,35.7
5221235,16.97464,26.0
5204411,26.777384,27.7
5219674,21.567163,24.1
5190075,18.39882,25.6
5229251,21.221464,35.0
5183614,20.274412,23.5
5194868,19.52033,26.6
5223167,19.976892,32.4
5178946,21.166553,34.3
5221243,32.11745,33.3
5179060,25.309132,29.1
5201512,27.15874,31.1
5181611,26.221752,34.0
5217795,20.992537,30.9
5204138,18.989273,23.0
5215514,26.375612,33.6
5228801,27.920904,29.5
5190403,23.778936,33.7
5184554,22.53685,35.6
5182804,18.63547,28.1
5205477,27.280767,45.1
5194866,19.269808,27.5
5193342,25.83518,27.4
5192964,26.377745,44.1
5213159,21.538095,29.4
5202814,20.147728,29.8
5238949,22.966036,23.5
5226082,29.751936,28.0
5216790,25.079565,37.8
5179016,22.867388,30.0
5192848,15.934449,24.3
5241610,19.020308,23.9
5220192,17.001707,33.5
5209226,16.819174,33.3
5208847,19.376669,35.5
5220695,19.587017,29.9
5207479,23.094965,27.1
5219583,23.97867,30.6
5184625,21.434374,38.7
5197662,17.987185,26.9
5207976,21.672913,32.5
5207614,28.402678,30.2
5234949,25.398237,33.1
5234774,25.974615,36.9
5195665,32.008823,40.5
5199922,22.777573,29.8
5240737,21.122232,30.1
5202648,21.745811,40.3
5189699,28.266476,39.2
5177898,34.366177,36.3
5223249,22.055487,27.4
5206285,21.90988,33.3
5223204,23.72153,27.6
5198730,21.881208,34.3
5226628,33.477196,30.1
5198791,29.983286,28.6
5220217,21.70172,39.2
5188360,24.322264,36.9
5208786,25.464212,31.0
5219137,28.2797,24.7
5216486,22.011631,29.6
5192562,26.911243,43.0
5206329,23.703342,25.2
5183111,29.701136,35.5
5207170,25.315449,29.1
5208024,26.35638,40.7
5201826,16.033707,26.4
5194940,20.335619,28.5
5219316,16.815434,26.3
5214802,20.427656,24.5
5212894,18.230452,22.6
5215195,17.523018,25.3
5232887,23.664186,34.7
5236318,23.522331,32.5
5238075,24.508327,28.2
5244940,25.053705,27.9
5187381,21.38787,25.0
5245381,19.913378,25.7
5222444,28.371416,25.7
5188802,28.775349,40.8
5209029,29.280651,40.4
5197049,20.734507,43.1
5197085,19.442951,26.7
5209814,20.66025,27.8
5217275,29.91913,38.3
5190083,23.62012,27.0
5179001,26.209284,54.7
5179145,24.099895,28.4
5216562,29.135778,58.2
5216119,17.19129,33.2
5183424,26.076046,33.8
5191533,23.77879,36.6
5197179,21.095163,31.9
5214406,18.250021,29.6
5191165,34.08172,36.8
5223305,25.526314,24.0
5198554,32.037556,40.1
5179935,18.961494,26.9
5212889,19.148046,33.6
5192167,26.127247,27.7
5193552,23.93527,33.1
5232581,20.352032,23.8
5194574,25.164402,27.8
5220730,23.781504,36.2
5246052,29.422169,22.0
5245660,25.50981,33.0
5177280,24.928686,37.0
5188088,25.589785,31.3
5213034,30.813816,21.7
5192217,22.844015,36.7
5180360,37.68407,57.4
5198055,20.60819,28.8
5182191,24.391582,29.1
5185547,17.16815,22.7
5246199,23.677233,27.4
5203862,22.620506,31.5
5214017,23.13923,31.5
5246983,19.37388,22.6
5245284,21.12512,28.4
5192624,19.871912,25.8
5181063,20.671307,34.4
5220701,28.361406,36.7
5246729,25.093504,30.5
5181859,30.810692,43.2
5207166,15.01254,23.7
5195341,25.905779,32.5
5179917,17.02719,28.3
5177861,16.07763,24.8
5208994,18.672977,39.1
5203539,25.898424,24.7
5208999,24.96014,33.4
5217145,21.033062,22.9
5185802,21.89966,26.1
5183370,17.764822,26.2
5214985,17.365477,31.7
5185997,22.30653,22.6
5180217,21.878933,30.2
5202064,23.22568,24.8
5221807,17.743338,29.5
5179214,24.309172,26.4
5180050,28.659882,26.4
5209067,25.932415,44.1
5188745,31.728296,43.4
5227440,20.440905,20.1
5177595,31.068668,43.4
5205226,20.573307,44.5
5198084,16.645277,28.4
5199510,23.139698,34.4
5190081,30.001007,41.6
5192742,20.624338,31.6
5219043,25.868504,28.1
5190293,18.733118,34.0
5196722,21.58042,28.2
5225875,21.382826,32.3
5189977,23.63866,29.3
5180743,25.702324,30.1
5182728,18.097027,32.8
5190305,24.249784,33.5
5179301,26.560722,45.5
5180276,27.16969,31.1
5226938,27.10383,30.0
5187900,26.37979,42.8
5202480,22.709454,24.9
5184742,23.74855,39.3
5190204,23.846388,40.0
5208921,21.63893,30.3
5200928,22.792944,31.5
5223411,25.656672,30.6
5246568,28.836788,25.8
5193201,23.078218,32.6
5247165,24.273882,23.2
5191068,17.763147,32.1
5188953,19.014244,52.3
5212795,27.234598,32.3
5178086,27.703548,25.2
5216694,24.43578,28.9
5196059,22.713202,24.5
5179481,25.589767,30.2
5200097,24.82707,32.6
5187076,19.362217,25.8
5197484,23.390972,34.6
5200750,24.071974,35.9
5181709,19.117361,27.4
5182744,29.977377,37.9
5220525,20.891363,23.7
5207884,20.432077,36.4
5220545,27.463303,36.5
5202045,19.521364,24.2
5215201,23.529867,27.2
5220684,18.378801,35.4
5181600,22.362185,30.1
5209190,21.394629,26.5
5216231,22.170425,29.3
5239102,21.979113,26.7
5190344,30.467194,26.9
5182551,16.116056,23.9
5186985,33.563152,38.9
5178554,24.084719,32.9
5181700,22.047995,26.1
5189649,22.329271,27.3
5203622,22.414335,27.2
5221260,26.979246,45.7
5199741,24.983353,29.9
5220769,18.786163,26.1
5213531,31.814928,26.6
5190279,22.51546,41.4
5208400,18.605461,31.0
5195333,30.157663,35.1
5187060,13.447385,23.2
5189716,27.139414,42.8
5219362,18.181753,37.6
5220052,23.95605,41.1
5214342,25.204073,23.6
5222169,28.418589,30.6
5186284,24.06837,46.2
5182904,21.323723,29.4
5214120,29.646246,48.9
5221279,20.764618,28.1
5208779,16.810183,38.9
5178888,28.105875,28.6
5214099,23.067331,27.3
5230300,21.223644,25.5
5202041,20.877897,29.9
5216601,18.99181,28.1
5245167,20.577044,25.4
5214629,20.38884,35.1
5199762,30.924793,27.7
5198112,21.955236,52.7
5222405,21.259943,30.6
5220547,23.531233,36.0
5208354,21.29783,27.3
5245276,24.261133,40.9
5191172,28.030676,52.1
5185458,21.606588,28.7
5214990,22.772657,26.8
5183987,28.301405,40.0
5201593,25.608603,26.4
5180397,23.057976,38.9
5246466,19.670992,25.8
5179937,20.939264,33.8
5187290,22.768177,34.2
5179384,32.344944,44.8
5187429,21.990633,23.7
5204837,29.306091,30.8
5182345,29.72698,36.8
5177674,17.9326,29.8
5198672,23.45696,31.2
5217186,18.657198,24.7
5180726,26.795477,36.4
5188308,27.255089,26.8
5183046,19.247953,25.9
5195235,31.14063,32.7
5179753,24.549818,42.0
5201579,30.250782,38.3
5202180,26.25662,51.3
5187445,21.820032,38.3
5187534,27.918219,28.5
5226683,27.439917,31.7
5232278,28.273008,41.0
5229027,19.060333,36.5
5202745,26.137758,36.1
5180515,25.354696,27.8
5221262,25.028122,27.0
5185970,22.705458,36.1
5200429,22.29043,38.9
5225410,39.487404,28.1
5207551,19.183807,27.9
5235605,21.047918,22.9
5208452,21.749737,23.6
5196295,20.068878,32.6
5196050,25.940317,40.0
5179891,32.962467,35.3
5190470,20.797802,32.6
5183603,23.697578,31.4
5233657,18.839384,26.1
5204373,19.111109,27.9
5227032,18.746458,31.1
5190783,28.024439,33.4
5196770,21.776957,26.6
5177753,15.946417,21.9
5191210,31.412844,27.8
5209824,25.54999,39.5
5208785,19.162815,30.4
5182351,30.009888,54.2
5226623,17.284418,23.5
5181128,20.778124,37.4
5179543,21.518467,34.2
5186082,20.195955,29.9
5239103,19.997095,33.5
5197345,28.442068,37.8
5218448,31.40547,24.3
5210584,26.824266,35.8
5208911,18.821585,30.3
5209320,22.233826,38.5
5184433,20.309687,27.1
5198314,29.092173,43.0
5185111,24.948854,25.0
5193358,25.139112,33.7
5213627,20.720125,22.0
5203303,24.732855,41.1
5183125,16.89419,24.8
5202222,28.334389,39.2
5217490,28.976233,34.3
5184402,24.95812,34.0
5235376,21.452011,34.8
5201249,23.409931,32.3
5208630,24.76948,28.7
5209159,15.989519,23.4
5201950,18.150517,25.7
5183124,23.033678,35.3
5214606,27.31982,28.1
5213474,22.685747,32.1
5223160,26.385607,25.7
5198559,23.66111,25.4
5246504,16.958105,31.9
5182699,19.712532,35.0
5181338,23.32991,31.2
5209129,30.77692,34.8
5220316,21.826735,26.2
5244896,19.052797,32.6
5179423,27.22481,34.8
5193312,25.857061,28.3
5177467,24.735497,42.4
5194613,14.542915,25.7
5194577,22.436632,24.8
5207384,17.387026,28.0
5206587,21.928476,29.0
5203319,18.538351,30.6
5202182,20.99555,53.2
5209003,22.641825,29.2
5246090,23.562317,24.3
5186172,23.250643,38.3
5183986,26.46247,34.6
5228599,15.175348,33.6
5183205,26.452766,33.1
5186366,34.612106,59.3
5186117,17.185745,24.5
5219453,22.913183,33.2
5203040,27.996489,34.7
5246622,23.524538,26.8
5178147,23.858953,35.0
5190200,32.73736,49.2
5218761,30.930807,44.8
5206781,18.346998,29.4
5209058,30.324793,40.4
5182658,23.314493,49.1
5202151,22.088585,32.1
5239707,28.000584,24.4
5211737,22.776136,37.4
5178817,17.437597,34.6
5213891,20.716017,24.1
5183197,24.133055,40.8
5196787,25.56056,30.0
5203334,26.170843,36.6
5187717,26.710186,39.5
5235974,26.711285,30.4
5205675,15.846583,23.2
5227648,24.179235,27.9
5223312,27.564026,22.4
5181869,20.233526,40.8
5208419,19.36886,28.9
5212602,24.847683,22.3
5179709,23.95236,41.2
5197946,38.2587,29.0
5204402,34.558197,28.0
5208736,23.897955,32.8
5239000,21.044607,28.2
5201877,26.356133,21.3
5192699,21.089449,29.5
5183456,22.454874,21.8
5184137,19.403616,36.2
5220299,24.762508,24.0
5200311,21.357773,36.6
5209714,31.312574,31.3
5210481,22.058643,29.5
5192705,19.50517,46.3
5246548,22.163012,28.3
5183180,20.85378,27.5
5206100,28.040821,45.4
5208518,24.748869,33.9
5232586,21.173716,26.0
5208387,22.080435,32.0
5188763,22.051912,34.0
5222255,29.058485,38.0
5192245,24.373087,22.2
5221207,31.136177,36.3
5216931,19.036522,24.1
5187103,33.225613,25.1
5194583,20.945774,26.6
5207138,35.897938,38.3
5194119,21.220137,27.6
5220028,28.752592,41.3
5186996,22.67464,21.7
5213914,28.784607,37.7
5200603,28.002302,35.3
5190855,28.458342,36.2
5182363,30.769894,35.2
5229789,18.309809,37.2
5179085,19.365719,33.2
5186317,22.232481,39.0
5189620,21.396858,26.8
5216020,19.31706,22.4
5201027,20.104578,27.1
5219810,33.535988,38.1
5181123,23.788956,52.5
5182047,32.010952,51.4
5196365,28.30398,27.0
5214341,20.327703,22.5
5235589,20.596209,24.0
5203799,24.12347,27.2
5181712,21.504261,24.9
5204272,21.500315,34.5
5185234,28.07239,36.0
5198551,19.213388,31.4
5202720,20.355074,26.9
5211977,18.572046,33.7
5180584,24.615698,28.6
5218332,18.053827,22.2
5205991,19.345991,32.1
5235829,33.30148,37.0
5190899,21.52516,27.5
5221404,23.903757,39.5
5207108,24.564857,40.3
5191792,18.20976,32.9
5225730,22.147291,27.8
5218896,20.926807,26.3
5246163,34.95795,30.7
5209536,23.796333,39.5
5198705,20.34277,29.5
5188408,25.748919,28.8
5212311,28.733519,28.8
5216763,25.745655,35.0
5183372,22.632242,30.0
5244830,23.944002,31.5
5178740,21.8845,27.2
5222315,18.721518,23.9
5193281,25.684225,33.4
5199460,30.34044,42.1
5199288,26.884129,32.9
5196713,24.16392,33.6
5194730,23.008055,40.6
5221629,30.65629,33.4
5194923,35.381195,25.6
5181946,26.254103,36.7
5183831,23.483574,35.9
5189794,30.528496,47.0
5211918,18.155306,26.7
5219199,18.933271,28.1
5177285,28.13291,32.0
5183824,21.608791,34.8
5246853,24.219187,23.1
5184117,25.095,50.9
5210735,26.70299,27.1
5245608,27.403711,34.2
5192255,24.919239,30.7
5248500,19.32691,38.1
5235077,18.849445,27.3
5209630,20.49742,30.7
5183477,18.581533,27.7
5232351,23.94058,28.8
5186697,35.871517,38.6
5213141,22.705887,23.4
5218323,23.641167,26.7
5234959,16.606722,38.2
5227163,25.944496,30.2
5208792,20.513666,31.1
5182122,23.866999,49.7
5186043,24.669027,47.3
5201337,19.145735,30.7
5198442,21.59916,28.2
5208313,24.620394,27.6
5234381,33.136246,30.1
5198081,18.77994,30.6
5233188,29.442398,31.3
5185518,22.186768,35.2
5188872,30.496122,36.3
5209355,32.15171,30.2
5206354,25.583605,36.2
5184166,19.25692,32.9
5190504,24.274324,36.2
5216994,30.089476,35.3
5207645,18.125067,26.3
5214281,21.976173,28.1
5199812,17.769999,30.1
5204484,25.143267,37.3
5182212,21.247078,25.9
5185419,23.02831,40.0
5220313,21.429895,30.5
5190492,25.396788,44.1
5177562,21.56693,31.7
5177251,18.468002,26.3
5215331,21.040678,24.5
5246613,26.85613,46.0
5235046,18.51798,24.9
5178483,20.063257,27.0
5184171,26.820639,28.9
5200975,23.781693,28.6
5246571,27.239683,32.2
5245341,22.07888,31.5
5215933,17.079596,28.4
5208727,26.736826,27.4
5178752,30.054205,35.2
5202107,19.410303,25.7
5221808,28.917124,35.8
5183524,28.557627,23.0
5188368,17.231552,45.9
5228527,16.842024,26.4
5221271,35.395348,44.5
5192969,23.892336,31.1
5194067,31.400822,29.9
5246390,18.411669,23.1
5180421,24.320614,28.2
5221632,29.270227,28.8
5219498,20.87497,24.2
5199468,22.374521,29.2
5218777,29.638487,35.1
5191435,17.671206,27.8
5193521,22.904966,24.2
5189650,22.821894,42.2
5180590,31.619883,31.6
5196634,24.234142,30.9
5177835,22.45252,25.5
5196941,18.168058,24.5
5206401,31.578007,45.1
5195944,23.556196,41.2
5209563,21.20845,26.4
5228052,20.277977,36.8
5200864,21.455944,27.8
5214870,17.254847,45.1
5212891,23.418222,26.3
5197039,16.873093,29.7
5209568,23.006641,32.9
5204669,29.701414,22.9
5234303,22.366179,35.2
5192268,18.265753,24.0
5227019,19.225462,26.9
5221714,23.556578,30.3
5204729,22.457037,44.5
5205296,23.454233,37.1
5196100,19.215097,25.5
5189523,23.619287,35.3
5208548,28.453817,29.2
5179887,20.10076,36.2
5204203,23.120483,24.4
5222688,26.022945,32.6
5178280,23.722803,37.2
5195647,18.592535,26.3
5191237,31.789326,37.8
5200307,23.646635,29.3
5204979,25.199034,28.1
5196784,19.399252,22.1
5191106,30.051035,46.6
5182877,24.859266,41.5
5186884,18.740978,25.0
5244929,34.68794,40.1
5246233,19.168325,39.4
5234212,19.425554,21.2
5214715,24.862917,37.7
5201600,20.491692,33.5
5202453,20.76266,24.4
5233105,27.087902,30.3
5199022,22.317698,22.8
5193861,23.840218,22.1
5236552,24.69471,38.8
5182935,20.547087,32.6
5193512,22.976883,27.5
5212361,30.896326,36.9
5179698,34.654232,34.8
5214261,21.946575,25.2
5229213,22.62349,33.4
5227541,17.549122,32.6
5198637,20.501076,27.8
5245347,24.774088,35.4
5181536,26.771086,26.9
5217625,19.743608,30.4
5204074,20.479277,35.9
5216678,17.993158,27.3
5201334,21.785978,29.5
5181791,24.90023,22.7
5189878,33.00087,48.8
5186897,21.867676,36.4
5197164,22.112562,29.3
5194623,25.62433,29.6
5198885,17.381983,23.9
5183260,34.087578,42.2
5244203,21.845171,35.2
5185378,20.824186,24.0
5220928,25.302893,33.4
5208301,17.499073,32.3
5204361,19.741789,26.3
5189880,28.805788,51.2
5234971,19.614145,40.1
5186991,16.18027,29.2
5207644,27.702696,23.6
5194859,26.413578,37.1
5202899,22.881567,29.1
5186259,24.789425,25.6
5216448,20.893097,23.2
5205542,30.142881,32.4
5179973,20.208778,25.2
5203894,26.145464,31.8
5188383,21.214138,32.5
5216596,25.484648,30.1
5203188,23.175842,40.0
5235693,18.062046,26.4
5201557,21.558424,31.3
5235866,19.589386,22.1
5196264,18.142624,29.6
5200759,13.501055,22.2
5231613,27.18331,26.8
5221964,17.928541,41.7
5177794,22.78552,56.5
5197143,26.613047,32.6
5180324,20.989798,32.5
5216916,30.415115,32.5
5180668,37.81373,64.8
5197151,24.083008,29.6
5196035,18.099018,22.9
5189495,18.545116,32.0
5207100,21.883186,32.2
5215604,22.886446,32.2
5197473,24.462128,32.1
5210782,26.102053,31.5
5196670,21.584276,29.7
5186030,18.447302,26.9
5210232,21.606615,28.3
5179664,28.15623,30.6
5187333,20.100634,34.3
5204494,24.23549,29.6
5217424,20.684053,24.4
5218199,17.076597,31.2
5178370,27.70437,30.5
5179765,23.186457,44.5
5217575,28.747126,50.0
5235718,24.727846,33.1
5192837,21.197989,30.8
5182395,17.873669,45.4
5206493,27.196152,35.1
5205628,25.988422,26.0
5192095,32.87643,25.4
5204481,19.611708,29.1
5231022,20.534595,21.5
5218389,24.003983,26.9
5194396,19.564533,31.5
5191423,25.18762,26.4
5194077,26.330925,32.5
5233469,18.69953,22.0
5199126,21.419523,26.2
5181286,22.349964,43.5
5203172,17.923212,31.6
5200686,18.11538,26.2
5203514,22.469662,34.4
5221451,26.364584,26.1
5230572,17.949606,24.8
5202404,22.803324,37.0
5215512,13.686191,25.9
5212888,18.74292,26.8
5189734,22.045439,31.7
5192497,21.547174,30.6
5180540,22.674353,28.7
5177683,31.09968,37.3
5204822,21.110891,36.1
5223211,26.485785,27.2
5190513,24.179148,40.6
5181234,24.72214,33.4
5236122,14.482995,24.1
5232081,25.00651,23.4
5245495,24.017063,25.1
5181281,18.71284,34.9
5182126,29.588373,35.1
5183350,22.034796,36.7
5208629,31.784073,43.2
5208531,18.809793,25.5
5179712,24.773794,33.0
5226693,21.268328,27.6
5192469,23.598211,36.7
5245227,30.181887,26.3
5180856,24.79722,38.5
5182089,32.747684,46.2
5184970,23.471792,44.1
5216620,33.990303,60.9
5234389,24.082811,31.4
5193980,21.814226,24.6
5188348,23.880003,28.5
5196001,26.936152,54.9
5208902,31.385687,50.1
5226662,21.07612,26.3
5181609,26.124962,28.6
5214464,25.137104,31.8
5194650,28.51562,36.4
5178734,20.79161,27.9
5209470,26.436441,30.6
5186458,29.081385,29.6
5213231,27.391985,32.8
5235299,18.048227,34.3
5195792,23.406248,28.6
5180579,20.98338,30.2
5194891,24.344793,41.2
5197353,20.12266,42.0
5182440,16.51228,26.8
5207187,19.557749,28.0
5210604,25.631998,29.6
5200039,29.03029,39.4
5183291,30.007391,32.6
5195739,22.54637,24.1
5222618,21.951237,34.5
5193723,27.834711,46.2
5184945,18.189848,27.0
5207082,24.189451,26.3
5195801,27.102129,32.3
5197657,18.497093,21.0
5206423,21.057243,28.0
5204537,25.41125,25.8
5187001,16.386732,29.7
5233951,16.826036,27.2
5203632,19.956121,39.6
5196293,16.362715,38.0
5201335,22.082174,37.4
5187528,22.646566,33.9
5188731,23.008593,37.6
5194250,19.805605,30.0
5191439,19.934156,25.7
5228775,25.02926,32.0
5193438,23.389654,23.1
5222285,28.970037,36.2
5184269,21.662537,26.3
5198575,19.56557,38.2
5192152,18.14925,36.8
5246341,24.718197,34.5
5189682,24.565004,42.2
5206820,36.966675,46.4
5177500,27.907253,33.6
5228913,17.891588,33.5
5247022,19.437199,34.6
5186738,21.811705,25.6
5220434,21.436316,32.0
5182289,21.223198,37.9
5180432,23.681429,34.6
5217562,20.906885,29.2
5246088,22.48515,35.7
5202021,22.782467,34.0
5181580,22.002876,26.4
5245272,22.121708,27.8
5183762,20.932428,29.5
5181781,25.131258,29.8
5209391,24.825632,31.2
5212797,22.960558,23.7
5217981,29.868364,36.4
5245424,22.264496,25.6
5177519,17.885744,22.4
5194033,18.191236,20.5
5205998,21.008444,34.9
5245294,24.031588,30.9
5214178,19.237772,36.3
5223109,28.383606,26.8
5189488,26.326162,29.2
5218512,19.16218,21.6
5206332,28.525532,42.0
5201254,33.354145,42.3
5210644,24.397686,31.3
5183893,31.904688,39.8
5199630,22.4391,28.7
5180739,29.976074,39.9
5222993,20.33177,29.9
5210178,18.997469,46.1
5180025,24.903458,32.0
5212974,14.715191,27.4
5221822,23.81839,31.1
5193318,17.44442,24.9
5192352,18.797525,26.3
5213854,29.607347,23.8
5184598,21.266254,31.7
5183786,29.529135,30.9
5222355,20.210306,32.7
5210668,19.873514,30.5
5196759,23.573984,29.8
5214752,16.884449,25.7
5182989,20.544767,23.8
5207242,21.732687,24.5
5186972,27.479845,47.6
5193616,17.437632,22.3
5184674,20.758093,26.8
5193368,26.940624,42.1
5218713,26.943626,32.7
5180857,18.550318,28.3
5183990,25.95053,26.6
5193911,30.524523,33.5
5189698,23.155352,28.9
5182803,24.486937,32.0
5208715,22.10341,34.1
5191309,29.084843,23.7
5205931,20.924398,34.6
5186672,25.24922,25.3
5185726,33.91749,41.6
5182763,22.372723,33.3
5216433,25.735342,34.6
5201214,21.790598,22.1
5219085,20.231684,38.5
5222386,20.559414,29.6
5191759,17.394846,25.3
5187884,17.950134,28.6
5183650,25.050425,23.2
5178365,22.273203,26.4
5191228,22.746914,29.9
5184486,28.55176,41.1
5209027,28.860487,41.5
5189450,22.723085,29.5
5190345,29.946278,44.2
5180713,29.202702,37.0
5186355,26.225456,27.1
5227059,27.989428,27.9
5195603,19.527687,23.0
5229275,24.439083,33.4
5183550,36.67367,37.9
5187360,28.377901,44.5
5222655,23.06104,25.1
5190359,20.925924,44.5
5233357,18.42386,25.0
5218826,25.902277,31.1
5201703,19.452051,28.7
5185343,28.190176,28.2
5190016,18.78386,34.7
5206389,18.373583,38.3
5180454,20.7265,24.4
5181455,33.840973,47.4
5214921,19.608042,24.8
5220738,21.834436,25.1
5182107,22.419651,27.1
5188742,22.707224,29.4
5191617,21.98865,33.2
5214320,18.102398,25.5
5201628,27.289171,43.7
5225955,24.268282,38.3
5246509,21.376665,43.7
5191338,20.527967,37.0
5211796,23.560802,41.1
5185243,22.026072,25.1
5200048,23.749458,25.4
5184847,34.07371,50.6
5218175,32.93579,38.6
5220638,26.088606,30.8
5199769,17.041557,30.1
